DEVICE KERNEL DURATION [ns],NUM_TILES,INPUT_0_DATATYPE,INPUT_0_MEMORY,OUTPUT_0_MEMORY
2244,1,BFLOAT16,L1_INTERLEAVED,L1_INTERLEAVED
2237,1,BFLOAT16,L1_INTERLEAVED,L1_INTERLEAVED
2246,1,BFLOAT16,L1_INTERLEAVED,L1_INTERLEAVED
2237,1,BFLOAT16,L1_INTERLEAVED,L1_INTERLEAVED
2225,1,BFLOAT16,L1_INTERLEAVED,L1_INTERLEAVED
2239,1,BFLOAT16,L1_INTERLEAVED,L1_INTERLEAVED
2239,1,BFLOAT16,L1_INTERLEAVED,L1_INTERLEAVED
2237,1,BFLOAT16,L1_INTERLEAVED,L1_INTERLEAVED
2235,1,BFLOAT16,L1_INTERLEAVED,L1_INTERLEAVED
2223,1,BFLOAT16,L1_INTERLEAVED,L1_INTERLEAVED
2635,10,BFLOAT16,L1_INTERLEAVED,L1_INTERLEAVED
2599,10,BFLOAT16,L1_INTERLEAVED,L1_INTERLEAVED
2601,10,BFLOAT16,L1_INTERLEAVED,L1_INTERLEAVED
2665,10,BFLOAT16,L1_INTERLEAVED,L1_INTERLEAVED
2517,10,BFLOAT16,L1_INTERLEAVED,L1_INTERLEAVED
2583,10,BFLOAT16,L1_INTERLEAVED,L1_INTERLEAVED
2589,10,BFLOAT16,L1_INTERLEAVED,L1_INTERLEAVED
2568,10,BFLOAT16,L1_INTERLEAVED,L1_INTERLEAVED
2667,10,BFLOAT16,L1_INTERLEAVED,L1_INTERLEAVED
2620,10,BFLOAT16,L1_INTERLEAVED,L1_INTERLEAVED
3360,100,BFLOAT16,L1_INTERLEAVED,L1_INTERLEAVED
3441,100,BFLOAT16,L1_INTERLEAVED,L1_INTERLEAVED
3420,100,BFLOAT16,L1_INTERLEAVED,L1_INTERLEAVED
3423,100,BFLOAT16,L1_INTERLEAVED,L1_INTERLEAVED
3392,100,BFLOAT16,L1_INTERLEAVED,L1_INTERLEAVED
3339,100,BFLOAT16,L1_INTERLEAVED,L1_INTERLEAVED
3458,100,BFLOAT16,L1_INTERLEAVED,L1_INTERLEAVED
3314,100,BFLOAT16,L1_INTERLEAVED,L1_INTERLEAVED
3453,100,BFLOAT16,L1_INTERLEAVED,L1_INTERLEAVED
3404,100,BFLOAT16,L1_INTERLEAVED,L1_INTERLEAVED
15963,1000,BFLOAT16,L1_INTERLEAVED,L1_INTERLEAVED
15050,1000,BFLOAT16,L1_INTERLEAVED,L1_INTERLEAVED
15855,1000,BFLOAT16,L1_INTERLEAVED,L1_INTERLEAVED
15143,1000,BFLOAT16,L1_INTERLEAVED,L1_INTERLEAVED
15660,1000,BFLOAT16,L1_INTERLEAVED,L1_INTERLEAVED
15536,1000,BFLOAT16,L1_INTERLEAVED,L1_INTERLEAVED
16282,1000,BFLOAT16,L1_INTERLEAVED,L1_INTERLEAVED
14696,1000,BFLOAT16,L1_INTERLEAVED,L1_INTERLEAVED
15446,1000,BFLOAT16,L1_INTERLEAVED,L1_INTERLEAVED
15167,1000,BFLOAT16,L1_INTERLEAVED,L1_INTERLEAVED
24321,2000,BFLOAT16,L1_INTERLEAVED,L1_INTERLEAVED
24790,2000,BFLOAT16,L1_INTERLEAVED,L1_INTERLEAVED
25003,2000,BFLOAT16,L1_INTERLEAVED,L1_INTERLEAVED
24258,2000,BFLOAT16,L1_INTERLEAVED,L1_INTERLEAVED
26390,2000,BFLOAT16,L1_INTERLEAVED,L1_INTERLEAVED
24903,2000,BFLOAT16,L1_INTERLEAVED,L1_INTERLEAVED
25679,2000,BFLOAT16,L1_INTERLEAVED,L1_INTERLEAVED
25657,2000,BFLOAT16,L1_INTERLEAVED,L1_INTERLEAVED
24938,2000,BFLOAT16,L1_INTERLEAVED,L1_INTERLEAVED
25126,2000,BFLOAT16,L1_INTERLEAVED,L1_INTERLEAVED
57465,5000,BFLOAT16,L1_INTERLEAVED,L1_INTERLEAVED
58323,5000,BFLOAT16,L1_INTERLEAVED,L1_INTERLEAVED
56744,5000,BFLOAT16,L1_INTERLEAVED,L1_INTERLEAVED
57181,5000,BFLOAT16,L1_INTERLEAVED,L1_INTERLEAVED
58746,5000,BFLOAT16,L1_INTERLEAVED,L1_INTERLEAVED
55345,5000,BFLOAT16,L1_INTERLEAVED,L1_INTERLEAVED
58999,5000,BFLOAT16,L1_INTERLEAVED,L1_INTERLEAVED
56310,5000,BFLOAT16,L1_INTERLEAVED,L1_INTERLEAVED
60276,5000,BFLOAT16,L1_INTERLEAVED,L1_INTERLEAVED
54948,5000,BFLOAT16,L1_INTERLEAVED,L1_INTERLEAVED
88627,8000,BFLOAT16,L1_INTERLEAVED,L1_INTERLEAVED
87106,8000,BFLOAT16,L1_INTERLEAVED,L1_INTERLEAVED
88569,8000,BFLOAT16,L1_INTERLEAVED,L1_INTERLEAVED
90557,8000,BFLOAT16,L1_INTERLEAVED,L1_INTERLEAVED
87758,8000,BFLOAT16,L1_INTERLEAVED,L1_INTERLEAVED
86704,8000,BFLOAT16,L1_INTERLEAVED,L1_INTERLEAVED
88204,8000,BFLOAT16,L1_INTERLEAVED,L1_INTERLEAVED
89744,8000,BFLOAT16,L1_INTERLEAVED,L1_INTERLEAVED
90719,8000,BFLOAT16,L1_INTERLEAVED,L1_INTERLEAVED
87190,8000,BFLOAT16,L1_INTERLEAVED,L1_INTERLEAVED
113135,10000,BFLOAT16,L1_INTERLEAVED,L1_INTERLEAVED
113235,10000,BFLOAT16,L1_INTERLEAVED,L1_INTERLEAVED
110349,10000,BFLOAT16,L1_INTERLEAVED,L1_INTERLEAVED
112217,10000,BFLOAT16,L1_INTERLEAVED,L1_INTERLEAVED
111678,10000,BFLOAT16,L1_INTERLEAVED,L1_INTERLEAVED
108724,10000,BFLOAT16,L1_INTERLEAVED,L1_INTERLEAVED
109473,10000,BFLOAT16,L1_INTERLEAVED,L1_INTERLEAVED
110532,10000,BFLOAT16,L1_INTERLEAVED,L1_INTERLEAVED
113763,10000,BFLOAT16,L1_INTERLEAVED,L1_INTERLEAVED
114163,10000,BFLOAT16,L1_INTERLEAVED,L1_INTERLEAVED
139265,12500,BFLOAT16,L1_INTERLEAVED,L1_INTERLEAVED
137398,12500,BFLOAT16,L1_INTERLEAVED,L1_INTERLEAVED
139756,12500,BFLOAT16,L1_INTERLEAVED,L1_INTERLEAVED
140284,12500,BFLOAT16,L1_INTERLEAVED,L1_INTERLEAVED
141589,12500,BFLOAT16,L1_INTERLEAVED,L1_INTERLEAVED
139514,12500,BFLOAT16,L1_INTERLEAVED,L1_INTERLEAVED
139417,12500,BFLOAT16,L1_INTERLEAVED,L1_INTERLEAVED
138922,12500,BFLOAT16,L1_INTERLEAVED,L1_INTERLEAVED
139225,12500,BFLOAT16,L1_INTERLEAVED,L1_INTERLEAVED
140774,12500,BFLOAT16,L1_INTERLEAVED,L1_INTERLEAVED
2370,1,BFLOAT16,DRAM_INTERLEAVED,L1_INTERLEAVED
2345,1,BFLOAT16,DRAM_INTERLEAVED,L1_INTERLEAVED
2334,1,BFLOAT16,DRAM_INTERLEAVED,L1_INTERLEAVED
2341,1,BFLOAT16,DRAM_INTERLEAVED,L1_INTERLEAVED
2347,1,BFLOAT16,DRAM_INTERLEAVED,L1_INTERLEAVED
2359,1,BFLOAT16,DRAM_INTERLEAVED,L1_INTERLEAVED
2355,1,BFLOAT16,DRAM_INTERLEAVED,L1_INTERLEAVED
2513,1,BFLOAT16,DRAM_INTERLEAVED,L1_INTERLEAVED
2348,1,BFLOAT16,DRAM_INTERLEAVED,L1_INTERLEAVED
2335,1,BFLOAT16,DRAM_INTERLEAVED,L1_INTERLEAVED
2652,10,BFLOAT16,DRAM_INTERLEAVED,L1_INTERLEAVED
2648,10,BFLOAT16,DRAM_INTERLEAVED,L1_INTERLEAVED
2754,10,BFLOAT16,DRAM_INTERLEAVED,L1_INTERLEAVED
2815,10,BFLOAT16,DRAM_INTERLEAVED,L1_INTERLEAVED
2625,10,BFLOAT16,DRAM_INTERLEAVED,L1_INTERLEAVED
2678,10,BFLOAT16,DRAM_INTERLEAVED,L1_INTERLEAVED
2617,10,BFLOAT16,DRAM_INTERLEAVED,L1_INTERLEAVED
2711,10,BFLOAT16,DRAM_INTERLEAVED,L1_INTERLEAVED
2823,10,BFLOAT16,DRAM_INTERLEAVED,L1_INTERLEAVED
2835,10,BFLOAT16,DRAM_INTERLEAVED,L1_INTERLEAVED
3959,100,BFLOAT16,DRAM_INTERLEAVED,L1_INTERLEAVED
3776,100,BFLOAT16,DRAM_INTERLEAVED,L1_INTERLEAVED
3791,100,BFLOAT16,DRAM_INTERLEAVED,L1_INTERLEAVED
3825,100,BFLOAT16,DRAM_INTERLEAVED,L1_INTERLEAVED
3727,100,BFLOAT16,DRAM_INTERLEAVED,L1_INTERLEAVED
3890,100,BFLOAT16,DRAM_INTERLEAVED,L1_INTERLEAVED
3948,100,BFLOAT16,DRAM_INTERLEAVED,L1_INTERLEAVED
3893,100,BFLOAT16,DRAM_INTERLEAVED,L1_INTERLEAVED
3931,100,BFLOAT16,DRAM_INTERLEAVED,L1_INTERLEAVED
3858,100,BFLOAT16,DRAM_INTERLEAVED,L1_INTERLEAVED
16011,1000,BFLOAT16,DRAM_INTERLEAVED,L1_INTERLEAVED
15556,1000,BFLOAT16,DRAM_INTERLEAVED,L1_INTERLEAVED
15055,1000,BFLOAT16,DRAM_INTERLEAVED,L1_INTERLEAVED
16043,1000,BFLOAT16,DRAM_INTERLEAVED,L1_INTERLEAVED
15556,1000,BFLOAT16,DRAM_INTERLEAVED,L1_INTERLEAVED
15892,1000,BFLOAT16,DRAM_INTERLEAVED,L1_INTERLEAVED
15727,1000,BFLOAT16,DRAM_INTERLEAVED,L1_INTERLEAVED
15242,1000,BFLOAT16,DRAM_INTERLEAVED,L1_INTERLEAVED
16439,1000,BFLOAT16,DRAM_INTERLEAVED,L1_INTERLEAVED
16460,1000,BFLOAT16,DRAM_INTERLEAVED,L1_INTERLEAVED
26065,2000,BFLOAT16,DRAM_INTERLEAVED,L1_INTERLEAVED
24944,2000,BFLOAT16,DRAM_INTERLEAVED,L1_INTERLEAVED
26617,2000,BFLOAT16,DRAM_INTERLEAVED,L1_INTERLEAVED
26218,2000,BFLOAT16,DRAM_INTERLEAVED,L1_INTERLEAVED
25440,2000,BFLOAT16,DRAM_INTERLEAVED,L1_INTERLEAVED
27390,2000,BFLOAT16,DRAM_INTERLEAVED,L1_INTERLEAVED
25893,2000,BFLOAT16,DRAM_INTERLEAVED,L1_INTERLEAVED
25104,2000,BFLOAT16,DRAM_INTERLEAVED,L1_INTERLEAVED
25239,2000,BFLOAT16,DRAM_INTERLEAVED,L1_INTERLEAVED
25264,2000,BFLOAT16,DRAM_INTERLEAVED,L1_INTERLEAVED
57351,5000,BFLOAT16,DRAM_INTERLEAVED,L1_INTERLEAVED
58057,5000,BFLOAT16,DRAM_INTERLEAVED,L1_INTERLEAVED
59792,5000,BFLOAT16,DRAM_INTERLEAVED,L1_INTERLEAVED
57817,5000,BFLOAT16,DRAM_INTERLEAVED,L1_INTERLEAVED
58813,5000,BFLOAT16,DRAM_INTERLEAVED,L1_INTERLEAVED
56821,5000,BFLOAT16,DRAM_INTERLEAVED,L1_INTERLEAVED
58108,5000,BFLOAT16,DRAM_INTERLEAVED,L1_INTERLEAVED
57573,5000,BFLOAT16,DRAM_INTERLEAVED,L1_INTERLEAVED
56914,5000,BFLOAT16,DRAM_INTERLEAVED,L1_INTERLEAVED
58495,5000,BFLOAT16,DRAM_INTERLEAVED,L1_INTERLEAVED
83903,8000,BFLOAT16,DRAM_INTERLEAVED,L1_INTERLEAVED
83743,8000,BFLOAT16,DRAM_INTERLEAVED,L1_INTERLEAVED
86016,8000,BFLOAT16,DRAM_INTERLEAVED,L1_INTERLEAVED
83209,8000,BFLOAT16,DRAM_INTERLEAVED,L1_INTERLEAVED
84496,8000,BFLOAT16,DRAM_INTERLEAVED,L1_INTERLEAVED
83974,8000,BFLOAT16,DRAM_INTERLEAVED,L1_INTERLEAVED
84229,8000,BFLOAT16,DRAM_INTERLEAVED,L1_INTERLEAVED
84174,8000,BFLOAT16,DRAM_INTERLEAVED,L1_INTERLEAVED
83856,8000,BFLOAT16,DRAM_INTERLEAVED,L1_INTERLEAVED
85731,8000,BFLOAT16,DRAM_INTERLEAVED,L1_INTERLEAVED
117648,10000,BFLOAT16,DRAM_INTERLEAVED,L1_INTERLEAVED
114991,10000,BFLOAT16,DRAM_INTERLEAVED,L1_INTERLEAVED
119243,10000,BFLOAT16,DRAM_INTERLEAVED,L1_INTERLEAVED
121844,10000,BFLOAT16,DRAM_INTERLEAVED,L1_INTERLEAVED
116667,10000,BFLOAT16,DRAM_INTERLEAVED,L1_INTERLEAVED
117740,10000,BFLOAT16,DRAM_INTERLEAVED,L1_INTERLEAVED
117440,10000,BFLOAT16,DRAM_INTERLEAVED,L1_INTERLEAVED
120306,10000,BFLOAT16,DRAM_INTERLEAVED,L1_INTERLEAVED
118595,10000,BFLOAT16,DRAM_INTERLEAVED,L1_INTERLEAVED
116682,10000,BFLOAT16,DRAM_INTERLEAVED,L1_INTERLEAVED
131842,12500,BFLOAT16,DRAM_INTERLEAVED,L1_INTERLEAVED
130423,12500,BFLOAT16,DRAM_INTERLEAVED,L1_INTERLEAVED
134997,12500,BFLOAT16,DRAM_INTERLEAVED,L1_INTERLEAVED
131405,12500,BFLOAT16,DRAM_INTERLEAVED,L1_INTERLEAVED
131234,12500,BFLOAT16,DRAM_INTERLEAVED,L1_INTERLEAVED
137817,12500,BFLOAT16,DRAM_INTERLEAVED,L1_INTERLEAVED
134061,12500,BFLOAT16,DRAM_INTERLEAVED,L1_INTERLEAVED
130725,12500,BFLOAT16,DRAM_INTERLEAVED,L1_INTERLEAVED
133566,12500,BFLOAT16,DRAM_INTERLEAVED,L1_INTERLEAVED
132753,12500,BFLOAT16,DRAM_INTERLEAVED,L1_INTERLEAVED
2400,1,BFLOAT16,L1_INTERLEAVED,DRAM_INTERLEAVED
2400,1,BFLOAT16,L1_INTERLEAVED,DRAM_INTERLEAVED
2365,1,BFLOAT16,L1_INTERLEAVED,DRAM_INTERLEAVED
2362,1,BFLOAT16,L1_INTERLEAVED,DRAM_INTERLEAVED
2365,1,BFLOAT16,L1_INTERLEAVED,DRAM_INTERLEAVED
2372,1,BFLOAT16,L1_INTERLEAVED,DRAM_INTERLEAVED
2363,1,BFLOAT16,L1_INTERLEAVED,DRAM_INTERLEAVED
2351,1,BFLOAT16,L1_INTERLEAVED,DRAM_INTERLEAVED
2361,1,BFLOAT16,L1_INTERLEAVED,DRAM_INTERLEAVED
2355,1,BFLOAT16,L1_INTERLEAVED,DRAM_INTERLEAVED
2724,10,BFLOAT16,L1_INTERLEAVED,DRAM_INTERLEAVED
2616,10,BFLOAT16,L1_INTERLEAVED,DRAM_INTERLEAVED
2711,10,BFLOAT16,L1_INTERLEAVED,DRAM_INTERLEAVED
2648,10,BFLOAT16,L1_INTERLEAVED,DRAM_INTERLEAVED
2704,10,BFLOAT16,L1_INTERLEAVED,DRAM_INTERLEAVED
2691,10,BFLOAT16,L1_INTERLEAVED,DRAM_INTERLEAVED
2647,10,BFLOAT16,L1_INTERLEAVED,DRAM_INTERLEAVED
2711,10,BFLOAT16,L1_INTERLEAVED,DRAM_INTERLEAVED
2746,10,BFLOAT16,L1_INTERLEAVED,DRAM_INTERLEAVED
2718,10,BFLOAT16,L1_INTERLEAVED,DRAM_INTERLEAVED
3915,100,BFLOAT16,L1_INTERLEAVED,DRAM_INTERLEAVED
4105,100,BFLOAT16,L1_INTERLEAVED,DRAM_INTERLEAVED
3817,100,BFLOAT16,L1_INTERLEAVED,DRAM_INTERLEAVED
4167,100,BFLOAT16,L1_INTERLEAVED,DRAM_INTERLEAVED
3968,100,BFLOAT16,L1_INTERLEAVED,DRAM_INTERLEAVED
3966,100,BFLOAT16,L1_INTERLEAVED,DRAM_INTERLEAVED
3888,100,BFLOAT16,L1_INTERLEAVED,DRAM_INTERLEAVED
3981,100,BFLOAT16,L1_INTERLEAVED,DRAM_INTERLEAVED
4276,100,BFLOAT16,L1_INTERLEAVED,DRAM_INTERLEAVED
4008,100,BFLOAT16,L1_INTERLEAVED,DRAM_INTERLEAVED
19629,1000,BFLOAT16,L1_INTERLEAVED,DRAM_INTERLEAVED
17125,1000,BFLOAT16,L1_INTERLEAVED,DRAM_INTERLEAVED
17746,1000,BFLOAT16,L1_INTERLEAVED,DRAM_INTERLEAVED
17194,1000,BFLOAT16,L1_INTERLEAVED,DRAM_INTERLEAVED
19185,1000,BFLOAT16,L1_INTERLEAVED,DRAM_INTERLEAVED
20181,1000,BFLOAT16,L1_INTERLEAVED,DRAM_INTERLEAVED
18876,1000,BFLOAT16,L1_INTERLEAVED,DRAM_INTERLEAVED
19594,1000,BFLOAT16,L1_INTERLEAVED,DRAM_INTERLEAVED
17858,1000,BFLOAT16,L1_INTERLEAVED,DRAM_INTERLEAVED
17843,1000,BFLOAT16,L1_INTERLEAVED,DRAM_INTERLEAVED
29281,2000,BFLOAT16,L1_INTERLEAVED,DRAM_INTERLEAVED
32040,2000,BFLOAT16,L1_INTERLEAVED,DRAM_INTERLEAVED
30712,2000,BFLOAT16,L1_INTERLEAVED,DRAM_INTERLEAVED
32023,2000,BFLOAT16,L1_INTERLEAVED,DRAM_INTERLEAVED
31800,2000,BFLOAT16,L1_INTERLEAVED,DRAM_INTERLEAVED
31118,2000,BFLOAT16,L1_INTERLEAVED,DRAM_INTERLEAVED
31751,2000,BFLOAT16,L1_INTERLEAVED,DRAM_INTERLEAVED
30254,2000,BFLOAT16,L1_INTERLEAVED,DRAM_INTERLEAVED
31523,2000,BFLOAT16,L1_INTERLEAVED,DRAM_INTERLEAVED
32361,2000,BFLOAT16,L1_INTERLEAVED,DRAM_INTERLEAVED
79296,5000,BFLOAT16,L1_INTERLEAVED,DRAM_INTERLEAVED
77222,5000,BFLOAT16,L1_INTERLEAVED,DRAM_INTERLEAVED
76405,5000,BFLOAT16,L1_INTERLEAVED,DRAM_INTERLEAVED
79873,5000,BFLOAT16,L1_INTERLEAVED,DRAM_INTERLEAVED
78348,5000,BFLOAT16,L1_INTERLEAVED,DRAM_INTERLEAVED
78392,5000,BFLOAT16,L1_INTERLEAVED,DRAM_INTERLEAVED
81077,5000,BFLOAT16,L1_INTERLEAVED,DRAM_INTERLEAVED
77032,5000,BFLOAT16,L1_INTERLEAVED,DRAM_INTERLEAVED
80111,5000,BFLOAT16,L1_INTERLEAVED,DRAM_INTERLEAVED
80715,5000,BFLOAT16,L1_INTERLEAVED,DRAM_INTERLEAVED
122086,8000,BFLOAT16,L1_INTERLEAVED,DRAM_INTERLEAVED
120787,8000,BFLOAT16,L1_INTERLEAVED,DRAM_INTERLEAVED
121800,8000,BFLOAT16,L1_INTERLEAVED,DRAM_INTERLEAVED
118826,8000,BFLOAT16,L1_INTERLEAVED,DRAM_INTERLEAVED
121150,8000,BFLOAT16,L1_INTERLEAVED,DRAM_INTERLEAVED
129974,8000,BFLOAT16,L1_INTERLEAVED,DRAM_INTERLEAVED
123422,8000,BFLOAT16,L1_INTERLEAVED,DRAM_INTERLEAVED
123864,8000,BFLOAT16,L1_INTERLEAVED,DRAM_INTERLEAVED
118036,8000,BFLOAT16,L1_INTERLEAVED,DRAM_INTERLEAVED
118734,8000,BFLOAT16,L1_INTERLEAVED,DRAM_INTERLEAVED
158989,10000,BFLOAT16,L1_INTERLEAVED,DRAM_INTERLEAVED
157361,10000,BFLOAT16,L1_INTERLEAVED,DRAM_INTERLEAVED
159449,10000,BFLOAT16,L1_INTERLEAVED,DRAM_INTERLEAVED
158866,10000,BFLOAT16,L1_INTERLEAVED,DRAM_INTERLEAVED
159743,10000,BFLOAT16,L1_INTERLEAVED,DRAM_INTERLEAVED
158456,10000,BFLOAT16,L1_INTERLEAVED,DRAM_INTERLEAVED
153371,10000,BFLOAT16,L1_INTERLEAVED,DRAM_INTERLEAVED
160198,10000,BFLOAT16,L1_INTERLEAVED,DRAM_INTERLEAVED
162741,10000,BFLOAT16,L1_INTERLEAVED,DRAM_INTERLEAVED
156801,10000,BFLOAT16,L1_INTERLEAVED,DRAM_INTERLEAVED
187108,12500,BFLOAT16,L1_INTERLEAVED,DRAM_INTERLEAVED
183891,12500,BFLOAT16,L1_INTERLEAVED,DRAM_INTERLEAVED
188854,12500,BFLOAT16,L1_INTERLEAVED,DRAM_INTERLEAVED
186262,12500,BFLOAT16,L1_INTERLEAVED,DRAM_INTERLEAVED
186722,12500,BFLOAT16,L1_INTERLEAVED,DRAM_INTERLEAVED
184617,12500,BFLOAT16,L1_INTERLEAVED,DRAM_INTERLEAVED
181686,12500,BFLOAT16,L1_INTERLEAVED,DRAM_INTERLEAVED
187772,12500,BFLOAT16,L1_INTERLEAVED,DRAM_INTERLEAVED
183797,12500,BFLOAT16,L1_INTERLEAVED,DRAM_INTERLEAVED
186722,12500,BFLOAT16,L1_INTERLEAVED,DRAM_INTERLEAVED
2528,1,BFLOAT16,DRAM_INTERLEAVED,DRAM_INTERLEAVED
2473,1,BFLOAT16,DRAM_INTERLEAVED,DRAM_INTERLEAVED
2514,1,BFLOAT16,DRAM_INTERLEAVED,DRAM_INTERLEAVED
2471,1,BFLOAT16,DRAM_INTERLEAVED,DRAM_INTERLEAVED
2480,1,BFLOAT16,DRAM_INTERLEAVED,DRAM_INTERLEAVED
2467,1,BFLOAT16,DRAM_INTERLEAVED,DRAM_INTERLEAVED
2477,1,BFLOAT16,DRAM_INTERLEAVED,DRAM_INTERLEAVED
2487,1,BFLOAT16,DRAM_INTERLEAVED,DRAM_INTERLEAVED
2666,1,BFLOAT16,DRAM_INTERLEAVED,DRAM_INTERLEAVED
2473,1,BFLOAT16,DRAM_INTERLEAVED,DRAM_INTERLEAVED
3009,10,BFLOAT16,DRAM_INTERLEAVED,DRAM_INTERLEAVED
2917,10,BFLOAT16,DRAM_INTERLEAVED,DRAM_INTERLEAVED
2935,10,BFLOAT16,DRAM_INTERLEAVED,DRAM_INTERLEAVED
3122,10,BFLOAT16,DRAM_INTERLEAVED,DRAM_INTERLEAVED
2948,10,BFLOAT16,DRAM_INTERLEAVED,DRAM_INTERLEAVED
2999,10,BFLOAT16,DRAM_INTERLEAVED,DRAM_INTERLEAVED
2994,10,BFLOAT16,DRAM_INTERLEAVED,DRAM_INTERLEAVED
2992,10,BFLOAT16,DRAM_INTERLEAVED,DRAM_INTERLEAVED
3015,10,BFLOAT16,DRAM_INTERLEAVED,DRAM_INTERLEAVED
3127,10,BFLOAT16,DRAM_INTERLEAVED,DRAM_INTERLEAVED
4269,100,BFLOAT16,DRAM_INTERLEAVED,DRAM_INTERLEAVED
4370,100,BFLOAT16,DRAM_INTERLEAVED,DRAM_INTERLEAVED
4629,100,BFLOAT16,DRAM_INTERLEAVED,DRAM_INTERLEAVED
4806,100,BFLOAT16,DRAM_INTERLEAVED,DRAM_INTERLEAVED
4329,100,BFLOAT16,DRAM_INTERLEAVED,DRAM_INTERLEAVED
4339,100,BFLOAT16,DRAM_INTERLEAVED,DRAM_INTERLEAVED
4433,100,BFLOAT16,DRAM_INTERLEAVED,DRAM_INTERLEAVED
4506,100,BFLOAT16,DRAM_INTERLEAVED,DRAM_INTERLEAVED
4253,100,BFLOAT16,DRAM_INTERLEAVED,DRAM_INTERLEAVED
4438,100,BFLOAT16,DRAM_INTERLEAVED,DRAM_INTERLEAVED
24773,1000,BFLOAT16,DRAM_INTERLEAVED,DRAM_INTERLEAVED
25449,1000,BFLOAT16,DRAM_INTERLEAVED,DRAM_INTERLEAVED
23689,1000,BFLOAT16,DRAM_INTERLEAVED,DRAM_INTERLEAVED
27623,1000,BFLOAT16,DRAM_INTERLEAVED,DRAM_INTERLEAVED
24461,1000,BFLOAT16,DRAM_INTERLEAVED,DRAM_INTERLEAVED
24050,1000,BFLOAT16,DRAM_INTERLEAVED,DRAM_INTERLEAVED
25030,1000,BFLOAT16,DRAM_INTERLEAVED,DRAM_INTERLEAVED
23787,1000,BFLOAT16,DRAM_INTERLEAVED,DRAM_INTERLEAVED
25885,1000,BFLOAT16,DRAM_INTERLEAVED,DRAM_INTERLEAVED
23641,1000,BFLOAT16,DRAM_INTERLEAVED,DRAM_INTERLEAVED
43090,2000,BFLOAT16,DRAM_INTERLEAVED,DRAM_INTERLEAVED
42895,2000,BFLOAT16,DRAM_INTERLEAVED,DRAM_INTERLEAVED
43055,2000,BFLOAT16,DRAM_INTERLEAVED,DRAM_INTERLEAVED
42181,2000,BFLOAT16,DRAM_INTERLEAVED,DRAM_INTERLEAVED
43098,2000,BFLOAT16,DRAM_INTERLEAVED,DRAM_INTERLEAVED
41855,2000,BFLOAT16,DRAM_INTERLEAVED,DRAM_INTERLEAVED
43658,2000,BFLOAT16,DRAM_INTERLEAVED,DRAM_INTERLEAVED
42113,2000,BFLOAT16,DRAM_INTERLEAVED,DRAM_INTERLEAVED
42073,2000,BFLOAT16,DRAM_INTERLEAVED,DRAM_INTERLEAVED
44825,2000,BFLOAT16,DRAM_INTERLEAVED,DRAM_INTERLEAVED
107611,5000,BFLOAT16,DRAM_INTERLEAVED,DRAM_INTERLEAVED
105795,5000,BFLOAT16,DRAM_INTERLEAVED,DRAM_INTERLEAVED
107244,5000,BFLOAT16,DRAM_INTERLEAVED,DRAM_INTERLEAVED
116015,5000,BFLOAT16,DRAM_INTERLEAVED,DRAM_INTERLEAVED
104962,5000,BFLOAT16,DRAM_INTERLEAVED,DRAM_INTERLEAVED
105902,5000,BFLOAT16,DRAM_INTERLEAVED,DRAM_INTERLEAVED
107734,5000,BFLOAT16,DRAM_INTERLEAVED,DRAM_INTERLEAVED
110317,5000,BFLOAT16,DRAM_INTERLEAVED,DRAM_INTERLEAVED
105995,5000,BFLOAT16,DRAM_INTERLEAVED,DRAM_INTERLEAVED
109723,5000,BFLOAT16,DRAM_INTERLEAVED,DRAM_INTERLEAVED
158000,8000,BFLOAT16,DRAM_INTERLEAVED,DRAM_INTERLEAVED
163342,8000,BFLOAT16,DRAM_INTERLEAVED,DRAM_INTERLEAVED
157180,8000,BFLOAT16,DRAM_INTERLEAVED,DRAM_INTERLEAVED
160446,8000,BFLOAT16,DRAM_INTERLEAVED,DRAM_INTERLEAVED
157553,8000,BFLOAT16,DRAM_INTERLEAVED,DRAM_INTERLEAVED
160361,8000,BFLOAT16,DRAM_INTERLEAVED,DRAM_INTERLEAVED
157449,8000,BFLOAT16,DRAM_INTERLEAVED,DRAM_INTERLEAVED
156558,8000,BFLOAT16,DRAM_INTERLEAVED,DRAM_INTERLEAVED
161359,8000,BFLOAT16,DRAM_INTERLEAVED,DRAM_INTERLEAVED
159686,8000,BFLOAT16,DRAM_INTERLEAVED,DRAM_INTERLEAVED
222908,10000,BFLOAT16,DRAM_INTERLEAVED,DRAM_INTERLEAVED
221109,10000,BFLOAT16,DRAM_INTERLEAVED,DRAM_INTERLEAVED
225773,10000,BFLOAT16,DRAM_INTERLEAVED,DRAM_INTERLEAVED
224780,10000,BFLOAT16,DRAM_INTERLEAVED,DRAM_INTERLEAVED
225112,10000,BFLOAT16,DRAM_INTERLEAVED,DRAM_INTERLEAVED
223617,10000,BFLOAT16,DRAM_INTERLEAVED,DRAM_INTERLEAVED
221599,10000,BFLOAT16,DRAM_INTERLEAVED,DRAM_INTERLEAVED
226817,10000,BFLOAT16,DRAM_INTERLEAVED,DRAM_INTERLEAVED
225389,10000,BFLOAT16,DRAM_INTERLEAVED,DRAM_INTERLEAVED
221132,10000,BFLOAT16,DRAM_INTERLEAVED,DRAM_INTERLEAVED
252133,12500,BFLOAT16,DRAM_INTERLEAVED,DRAM_INTERLEAVED
250744,12500,BFLOAT16,DRAM_INTERLEAVED,DRAM_INTERLEAVED
254187,12500,BFLOAT16,DRAM_INTERLEAVED,DRAM_INTERLEAVED
254291,12500,BFLOAT16,DRAM_INTERLEAVED,DRAM_INTERLEAVED
249684,12500,BFLOAT16,DRAM_INTERLEAVED,DRAM_INTERLEAVED
252783,12500,BFLOAT16,DRAM_INTERLEAVED,DRAM_INTERLEAVED
252204,12500,BFLOAT16,DRAM_INTERLEAVED,DRAM_INTERLEAVED
256505,12500,BFLOAT16,DRAM_INTERLEAVED,DRAM_INTERLEAVED
249141,12500,BFLOAT16,DRAM_INTERLEAVED,DRAM_INTERLEAVED
247085,12500,BFLOAT16,DRAM_INTERLEAVED,DRAM_INTERLEAVED
2117,1,BFLOAT4_B,L1_INTERLEAVED,L1_INTERLEAVED
2079,1,BFLOAT4_B,L1_INTERLEAVED,L1_INTERLEAVED
2077,1,BFLOAT4_B,L1_INTERLEAVED,L1_INTERLEAVED
2087,1,BFLOAT4_B,L1_INTERLEAVED,L1_INTERLEAVED
2079,1,BFLOAT4_B,L1_INTERLEAVED,L1_INTERLEAVED
2082,1,BFLOAT4_B,L1_INTERLEAVED,L1_INTERLEAVED
2079,1,BFLOAT4_B,L1_INTERLEAVED,L1_INTERLEAVED
2077,1,BFLOAT4_B,L1_INTERLEAVED,L1_INTERLEAVED
2084,1,BFLOAT4_B,L1_INTERLEAVED,L1_INTERLEAVED
2100,1,BFLOAT4_B,L1_INTERLEAVED,L1_INTERLEAVED
2204,10,BFLOAT4_B,L1_INTERLEAVED,L1_INTERLEAVED
2193,10,BFLOAT4_B,L1_INTERLEAVED,L1_INTERLEAVED
2178,10,BFLOAT4_B,L1_INTERLEAVED,L1_INTERLEAVED
2186,10,BFLOAT4_B,L1_INTERLEAVED,L1_INTERLEAVED
2176,10,BFLOAT4_B,L1_INTERLEAVED,L1_INTERLEAVED
2174,10,BFLOAT4_B,L1_INTERLEAVED,L1_INTERLEAVED
2184,10,BFLOAT4_B,L1_INTERLEAVED,L1_INTERLEAVED
2170,10,BFLOAT4_B,L1_INTERLEAVED,L1_INTERLEAVED
2176,10,BFLOAT4_B,L1_INTERLEAVED,L1_INTERLEAVED
2175,10,BFLOAT4_B,L1_INTERLEAVED,L1_INTERLEAVED
2681,100,BFLOAT4_B,L1_INTERLEAVED,L1_INTERLEAVED
2655,100,BFLOAT4_B,L1_INTERLEAVED,L1_INTERLEAVED
2658,100,BFLOAT4_B,L1_INTERLEAVED,L1_INTERLEAVED
2647,100,BFLOAT4_B,L1_INTERLEAVED,L1_INTERLEAVED
2665,100,BFLOAT4_B,L1_INTERLEAVED,L1_INTERLEAVED
2639,100,BFLOAT4_B,L1_INTERLEAVED,L1_INTERLEAVED
2657,100,BFLOAT4_B,L1_INTERLEAVED,L1_INTERLEAVED
2657,100,BFLOAT4_B,L1_INTERLEAVED,L1_INTERLEAVED
2653,100,BFLOAT4_B,L1_INTERLEAVED,L1_INTERLEAVED
2682,100,BFLOAT4_B,L1_INTERLEAVED,L1_INTERLEAVED
7947,1000,BFLOAT4_B,L1_INTERLEAVED,L1_INTERLEAVED
7793,1000,BFLOAT4_B,L1_INTERLEAVED,L1_INTERLEAVED
7829,1000,BFLOAT4_B,L1_INTERLEAVED,L1_INTERLEAVED
7765,1000,BFLOAT4_B,L1_INTERLEAVED,L1_INTERLEAVED
7799,1000,BFLOAT4_B,L1_INTERLEAVED,L1_INTERLEAVED
7873,1000,BFLOAT4_B,L1_INTERLEAVED,L1_INTERLEAVED
7875,1000,BFLOAT4_B,L1_INTERLEAVED,L1_INTERLEAVED
7799,1000,BFLOAT4_B,L1_INTERLEAVED,L1_INTERLEAVED
7854,1000,BFLOAT4_B,L1_INTERLEAVED,L1_INTERLEAVED
7809,1000,BFLOAT4_B,L1_INTERLEAVED,L1_INTERLEAVED
12812,2000,BFLOAT4_B,L1_INTERLEAVED,L1_INTERLEAVED
12804,2000,BFLOAT4_B,L1_INTERLEAVED,L1_INTERLEAVED
12700,2000,BFLOAT4_B,L1_INTERLEAVED,L1_INTERLEAVED
12913,2000,BFLOAT4_B,L1_INTERLEAVED,L1_INTERLEAVED
12789,2000,BFLOAT4_B,L1_INTERLEAVED,L1_INTERLEAVED
12871,2000,BFLOAT4_B,L1_INTERLEAVED,L1_INTERLEAVED
12780,2000,BFLOAT4_B,L1_INTERLEAVED,L1_INTERLEAVED
12850,2000,BFLOAT4_B,L1_INTERLEAVED,L1_INTERLEAVED
12825,2000,BFLOAT4_B,L1_INTERLEAVED,L1_INTERLEAVED
12838,2000,BFLOAT4_B,L1_INTERLEAVED,L1_INTERLEAVED
27805,5000,BFLOAT4_B,L1_INTERLEAVED,L1_INTERLEAVED
27935,5000,BFLOAT4_B,L1_INTERLEAVED,L1_INTERLEAVED
27739,5000,BFLOAT4_B,L1_INTERLEAVED,L1_INTERLEAVED
27765,5000,BFLOAT4_B,L1_INTERLEAVED,L1_INTERLEAVED
27696,5000,BFLOAT4_B,L1_INTERLEAVED,L1_INTERLEAVED
27753,5000,BFLOAT4_B,L1_INTERLEAVED,L1_INTERLEAVED
27611,5000,BFLOAT4_B,L1_INTERLEAVED,L1_INTERLEAVED
27782,5000,BFLOAT4_B,L1_INTERLEAVED,L1_INTERLEAVED
27662,5000,BFLOAT4_B,L1_INTERLEAVED,L1_INTERLEAVED
27701,5000,BFLOAT4_B,L1_INTERLEAVED,L1_INTERLEAVED
43046,8000,BFLOAT4_B,L1_INTERLEAVED,L1_INTERLEAVED
42977,8000,BFLOAT4_B,L1_INTERLEAVED,L1_INTERLEAVED
43094,8000,BFLOAT4_B,L1_INTERLEAVED,L1_INTERLEAVED
43104,8000,BFLOAT4_B,L1_INTERLEAVED,L1_INTERLEAVED
43100,8000,BFLOAT4_B,L1_INTERLEAVED,L1_INTERLEAVED
42818,8000,BFLOAT4_B,L1_INTERLEAVED,L1_INTERLEAVED
42996,8000,BFLOAT4_B,L1_INTERLEAVED,L1_INTERLEAVED
42891,8000,BFLOAT4_B,L1_INTERLEAVED,L1_INTERLEAVED
43109,8000,BFLOAT4_B,L1_INTERLEAVED,L1_INTERLEAVED
43101,8000,BFLOAT4_B,L1_INTERLEAVED,L1_INTERLEAVED
53338,10000,BFLOAT4_B,L1_INTERLEAVED,L1_INTERLEAVED
53434,10000,BFLOAT4_B,L1_INTERLEAVED,L1_INTERLEAVED
53445,10000,BFLOAT4_B,L1_INTERLEAVED,L1_INTERLEAVED
53246,10000,BFLOAT4_B,L1_INTERLEAVED,L1_INTERLEAVED
53408,10000,BFLOAT4_B,L1_INTERLEAVED,L1_INTERLEAVED
53322,10000,BFLOAT4_B,L1_INTERLEAVED,L1_INTERLEAVED
53422,10000,BFLOAT4_B,L1_INTERLEAVED,L1_INTERLEAVED
53656,10000,BFLOAT4_B,L1_INTERLEAVED,L1_INTERLEAVED
53475,10000,BFLOAT4_B,L1_INTERLEAVED,L1_INTERLEAVED
53441,10000,BFLOAT4_B,L1_INTERLEAVED,L1_INTERLEAVED
66369,12500,BFLOAT4_B,L1_INTERLEAVED,L1_INTERLEAVED
66055,12500,BFLOAT4_B,L1_INTERLEAVED,L1_INTERLEAVED
66041,12500,BFLOAT4_B,L1_INTERLEAVED,L1_INTERLEAVED
65995,12500,BFLOAT4_B,L1_INTERLEAVED,L1_INTERLEAVED
66045,12500,BFLOAT4_B,L1_INTERLEAVED,L1_INTERLEAVED
65960,12500,BFLOAT4_B,L1_INTERLEAVED,L1_INTERLEAVED
66073,12500,BFLOAT4_B,L1_INTERLEAVED,L1_INTERLEAVED
66009,12500,BFLOAT4_B,L1_INTERLEAVED,L1_INTERLEAVED
66264,12500,BFLOAT4_B,L1_INTERLEAVED,L1_INTERLEAVED
66028,12500,BFLOAT4_B,L1_INTERLEAVED,L1_INTERLEAVED
2230,1,BFLOAT4_B,DRAM_INTERLEAVED,L1_INTERLEAVED
2191,1,BFLOAT4_B,DRAM_INTERLEAVED,L1_INTERLEAVED
2192,1,BFLOAT4_B,DRAM_INTERLEAVED,L1_INTERLEAVED
2195,1,BFLOAT4_B,DRAM_INTERLEAVED,L1_INTERLEAVED
2194,1,BFLOAT4_B,DRAM_INTERLEAVED,L1_INTERLEAVED
2191,1,BFLOAT4_B,DRAM_INTERLEAVED,L1_INTERLEAVED
2178,1,BFLOAT4_B,DRAM_INTERLEAVED,L1_INTERLEAVED
2188,1,BFLOAT4_B,DRAM_INTERLEAVED,L1_INTERLEAVED
2254,1,BFLOAT4_B,DRAM_INTERLEAVED,L1_INTERLEAVED
2190,1,BFLOAT4_B,DRAM_INTERLEAVED,L1_INTERLEAVED
2327,10,BFLOAT4_B,DRAM_INTERLEAVED,L1_INTERLEAVED
2305,10,BFLOAT4_B,DRAM_INTERLEAVED,L1_INTERLEAVED
2367,10,BFLOAT4_B,DRAM_INTERLEAVED,L1_INTERLEAVED
2285,10,BFLOAT4_B,DRAM_INTERLEAVED,L1_INTERLEAVED
2356,10,BFLOAT4_B,DRAM_INTERLEAVED,L1_INTERLEAVED
2302,10,BFLOAT4_B,DRAM_INTERLEAVED,L1_INTERLEAVED
2289,10,BFLOAT4_B,DRAM_INTERLEAVED,L1_INTERLEAVED
2289,10,BFLOAT4_B,DRAM_INTERLEAVED,L1_INTERLEAVED
2289,10,BFLOAT4_B,DRAM_INTERLEAVED,L1_INTERLEAVED
2314,10,BFLOAT4_B,DRAM_INTERLEAVED,L1_INTERLEAVED
2955,100,BFLOAT4_B,DRAM_INTERLEAVED,L1_INTERLEAVED
2952,100,BFLOAT4_B,DRAM_INTERLEAVED,L1_INTERLEAVED
2908,100,BFLOAT4_B,DRAM_INTERLEAVED,L1_INTERLEAVED
3037,100,BFLOAT4_B,DRAM_INTERLEAVED,L1_INTERLEAVED
2905,100,BFLOAT4_B,DRAM_INTERLEAVED,L1_INTERLEAVED
2903,100,BFLOAT4_B,DRAM_INTERLEAVED,L1_INTERLEAVED
2936,100,BFLOAT4_B,DRAM_INTERLEAVED,L1_INTERLEAVED
2954,100,BFLOAT4_B,DRAM_INTERLEAVED,L1_INTERLEAVED
2969,100,BFLOAT4_B,DRAM_INTERLEAVED,L1_INTERLEAVED
2935,100,BFLOAT4_B,DRAM_INTERLEAVED,L1_INTERLEAVED
9835,1000,BFLOAT4_B,DRAM_INTERLEAVED,L1_INTERLEAVED
9647,1000,BFLOAT4_B,DRAM_INTERLEAVED,L1_INTERLEAVED
9654,1000,BFLOAT4_B,DRAM_INTERLEAVED,L1_INTERLEAVED
9621,1000,BFLOAT4_B,DRAM_INTERLEAVED,L1_INTERLEAVED
9953,1000,BFLOAT4_B,DRAM_INTERLEAVED,L1_INTERLEAVED
9509,1000,BFLOAT4_B,DRAM_INTERLEAVED,L1_INTERLEAVED
9682,1000,BFLOAT4_B,DRAM_INTERLEAVED,L1_INTERLEAVED
9536,1000,BFLOAT4_B,DRAM_INTERLEAVED,L1_INTERLEAVED
9715,1000,BFLOAT4_B,DRAM_INTERLEAVED,L1_INTERLEAVED
9725,1000,BFLOAT4_B,DRAM_INTERLEAVED,L1_INTERLEAVED
16999,2000,BFLOAT4_B,DRAM_INTERLEAVED,L1_INTERLEAVED
17087,2000,BFLOAT4_B,DRAM_INTERLEAVED,L1_INTERLEAVED
16845,2000,BFLOAT4_B,DRAM_INTERLEAVED,L1_INTERLEAVED
16593,2000,BFLOAT4_B,DRAM_INTERLEAVED,L1_INTERLEAVED
16507,2000,BFLOAT4_B,DRAM_INTERLEAVED,L1_INTERLEAVED
16617,2000,BFLOAT4_B,DRAM_INTERLEAVED,L1_INTERLEAVED
16416,2000,BFLOAT4_B,DRAM_INTERLEAVED,L1_INTERLEAVED
16569,2000,BFLOAT4_B,DRAM_INTERLEAVED,L1_INTERLEAVED
16508,2000,BFLOAT4_B,DRAM_INTERLEAVED,L1_INTERLEAVED
16547,2000,BFLOAT4_B,DRAM_INTERLEAVED,L1_INTERLEAVED
39103,5000,BFLOAT4_B,DRAM_INTERLEAVED,L1_INTERLEAVED
38845,5000,BFLOAT4_B,DRAM_INTERLEAVED,L1_INTERLEAVED
39269,5000,BFLOAT4_B,DRAM_INTERLEAVED,L1_INTERLEAVED
39274,5000,BFLOAT4_B,DRAM_INTERLEAVED,L1_INTERLEAVED
38583,5000,BFLOAT4_B,DRAM_INTERLEAVED,L1_INTERLEAVED
38572,5000,BFLOAT4_B,DRAM_INTERLEAVED,L1_INTERLEAVED
38524,5000,BFLOAT4_B,DRAM_INTERLEAVED,L1_INTERLEAVED
39375,5000,BFLOAT4_B,DRAM_INTERLEAVED,L1_INTERLEAVED
39295,5000,BFLOAT4_B,DRAM_INTERLEAVED,L1_INTERLEAVED
38953,5000,BFLOAT4_B,DRAM_INTERLEAVED,L1_INTERLEAVED
60664,8000,BFLOAT4_B,DRAM_INTERLEAVED,L1_INTERLEAVED
60026,8000,BFLOAT4_B,DRAM_INTERLEAVED,L1_INTERLEAVED
59678,8000,BFLOAT4_B,DRAM_INTERLEAVED,L1_INTERLEAVED
59588,8000,BFLOAT4_B,DRAM_INTERLEAVED,L1_INTERLEAVED
59764,8000,BFLOAT4_B,DRAM_INTERLEAVED,L1_INTERLEAVED
59434,8000,BFLOAT4_B,DRAM_INTERLEAVED,L1_INTERLEAVED
59854,8000,BFLOAT4_B,DRAM_INTERLEAVED,L1_INTERLEAVED
59656,8000,BFLOAT4_B,DRAM_INTERLEAVED,L1_INTERLEAVED
59391,8000,BFLOAT4_B,DRAM_INTERLEAVED,L1_INTERLEAVED
59367,8000,BFLOAT4_B,DRAM_INTERLEAVED,L1_INTERLEAVED
76055,10000,BFLOAT4_B,DRAM_INTERLEAVED,L1_INTERLEAVED
76177,10000,BFLOAT4_B,DRAM_INTERLEAVED,L1_INTERLEAVED
76451,10000,BFLOAT4_B,DRAM_INTERLEAVED,L1_INTERLEAVED
76155,10000,BFLOAT4_B,DRAM_INTERLEAVED,L1_INTERLEAVED
75848,10000,BFLOAT4_B,DRAM_INTERLEAVED,L1_INTERLEAVED
76042,10000,BFLOAT4_B,DRAM_INTERLEAVED,L1_INTERLEAVED
76338,10000,BFLOAT4_B,DRAM_INTERLEAVED,L1_INTERLEAVED
76232,10000,BFLOAT4_B,DRAM_INTERLEAVED,L1_INTERLEAVED
75539,10000,BFLOAT4_B,DRAM_INTERLEAVED,L1_INTERLEAVED
75734,10000,BFLOAT4_B,DRAM_INTERLEAVED,L1_INTERLEAVED
93925,12500,BFLOAT4_B,DRAM_INTERLEAVED,L1_INTERLEAVED
92634,12500,BFLOAT4_B,DRAM_INTERLEAVED,L1_INTERLEAVED
92927,12500,BFLOAT4_B,DRAM_INTERLEAVED,L1_INTERLEAVED
93410,12500,BFLOAT4_B,DRAM_INTERLEAVED,L1_INTERLEAVED
92636,12500,BFLOAT4_B,DRAM_INTERLEAVED,L1_INTERLEAVED
92235,12500,BFLOAT4_B,DRAM_INTERLEAVED,L1_INTERLEAVED
93210,12500,BFLOAT4_B,DRAM_INTERLEAVED,L1_INTERLEAVED
92542,12500,BFLOAT4_B,DRAM_INTERLEAVED,L1_INTERLEAVED
93819,12500,BFLOAT4_B,DRAM_INTERLEAVED,L1_INTERLEAVED
92563,12500,BFLOAT4_B,DRAM_INTERLEAVED,L1_INTERLEAVED
2241,1,BFLOAT4_B,L1_INTERLEAVED,DRAM_INTERLEAVED
2211,1,BFLOAT4_B,L1_INTERLEAVED,DRAM_INTERLEAVED
2193,1,BFLOAT4_B,L1_INTERLEAVED,DRAM_INTERLEAVED
2216,1,BFLOAT4_B,L1_INTERLEAVED,DRAM_INTERLEAVED
2198,1,BFLOAT4_B,L1_INTERLEAVED,DRAM_INTERLEAVED
2218,1,BFLOAT4_B,L1_INTERLEAVED,DRAM_INTERLEAVED
2213,1,BFLOAT4_B,L1_INTERLEAVED,DRAM_INTERLEAVED
2204,1,BFLOAT4_B,L1_INTERLEAVED,DRAM_INTERLEAVED
2220,1,BFLOAT4_B,L1_INTERLEAVED,DRAM_INTERLEAVED
2226,1,BFLOAT4_B,L1_INTERLEAVED,DRAM_INTERLEAVED
2339,10,BFLOAT4_B,L1_INTERLEAVED,DRAM_INTERLEAVED
2310,10,BFLOAT4_B,L1_INTERLEAVED,DRAM_INTERLEAVED
2458,10,BFLOAT4_B,L1_INTERLEAVED,DRAM_INTERLEAVED
2313,10,BFLOAT4_B,L1_INTERLEAVED,DRAM_INTERLEAVED
2358,10,BFLOAT4_B,L1_INTERLEAVED,DRAM_INTERLEAVED
2307,10,BFLOAT4_B,L1_INTERLEAVED,DRAM_INTERLEAVED
2364,10,BFLOAT4_B,L1_INTERLEAVED,DRAM_INTERLEAVED
2300,10,BFLOAT4_B,L1_INTERLEAVED,DRAM_INTERLEAVED
2306,10,BFLOAT4_B,L1_INTERLEAVED,DRAM_INTERLEAVED
2459,10,BFLOAT4_B,L1_INTERLEAVED,DRAM_INTERLEAVED
2957,100,BFLOAT4_B,L1_INTERLEAVED,DRAM_INTERLEAVED
2929,100,BFLOAT4_B,L1_INTERLEAVED,DRAM_INTERLEAVED
3104,100,BFLOAT4_B,L1_INTERLEAVED,DRAM_INTERLEAVED
3026,100,BFLOAT4_B,L1_INTERLEAVED,DRAM_INTERLEAVED
3097,100,BFLOAT4_B,L1_INTERLEAVED,DRAM_INTERLEAVED
3090,100,BFLOAT4_B,L1_INTERLEAVED,DRAM_INTERLEAVED
3015,100,BFLOAT4_B,L1_INTERLEAVED,DRAM_INTERLEAVED
3051,100,BFLOAT4_B,L1_INTERLEAVED,DRAM_INTERLEAVED
3063,100,BFLOAT4_B,L1_INTERLEAVED,DRAM_INTERLEAVED
3013,100,BFLOAT4_B,L1_INTERLEAVED,DRAM_INTERLEAVED
10074,1000,BFLOAT4_B,L1_INTERLEAVED,DRAM_INTERLEAVED
10248,1000,BFLOAT4_B,L1_INTERLEAVED,DRAM_INTERLEAVED
10321,1000,BFLOAT4_B,L1_INTERLEAVED,DRAM_INTERLEAVED
10028,1000,BFLOAT4_B,L1_INTERLEAVED,DRAM_INTERLEAVED
9956,1000,BFLOAT4_B,L1_INTERLEAVED,DRAM_INTERLEAVED
9876,1000,BFLOAT4_B,L1_INTERLEAVED,DRAM_INTERLEAVED
9929,1000,BFLOAT4_B,L1_INTERLEAVED,DRAM_INTERLEAVED
10301,1000,BFLOAT4_B,L1_INTERLEAVED,DRAM_INTERLEAVED
9973,1000,BFLOAT4_B,L1_INTERLEAVED,DRAM_INTERLEAVED
10263,1000,BFLOAT4_B,L1_INTERLEAVED,DRAM_INTERLEAVED
17739,2000,BFLOAT4_B,L1_INTERLEAVED,DRAM_INTERLEAVED
17663,2000,BFLOAT4_B,L1_INTERLEAVED,DRAM_INTERLEAVED
17195,2000,BFLOAT4_B,L1_INTERLEAVED,DRAM_INTERLEAVED
17002,2000,BFLOAT4_B,L1_INTERLEAVED,DRAM_INTERLEAVED
17369,2000,BFLOAT4_B,L1_INTERLEAVED,DRAM_INTERLEAVED
17299,2000,BFLOAT4_B,L1_INTERLEAVED,DRAM_INTERLEAVED
17595,2000,BFLOAT4_B,L1_INTERLEAVED,DRAM_INTERLEAVED
17569,2000,BFLOAT4_B,L1_INTERLEAVED,DRAM_INTERLEAVED
17723,2000,BFLOAT4_B,L1_INTERLEAVED,DRAM_INTERLEAVED
17552,2000,BFLOAT4_B,L1_INTERLEAVED,DRAM_INTERLEAVED
40571,5000,BFLOAT4_B,L1_INTERLEAVED,DRAM_INTERLEAVED
40427,5000,BFLOAT4_B,L1_INTERLEAVED,DRAM_INTERLEAVED
40873,5000,BFLOAT4_B,L1_INTERLEAVED,DRAM_INTERLEAVED
40727,5000,BFLOAT4_B,L1_INTERLEAVED,DRAM_INTERLEAVED
40353,5000,BFLOAT4_B,L1_INTERLEAVED,DRAM_INTERLEAVED
40613,5000,BFLOAT4_B,L1_INTERLEAVED,DRAM_INTERLEAVED
40454,5000,BFLOAT4_B,L1_INTERLEAVED,DRAM_INTERLEAVED
40660,5000,BFLOAT4_B,L1_INTERLEAVED,DRAM_INTERLEAVED
40960,5000,BFLOAT4_B,L1_INTERLEAVED,DRAM_INTERLEAVED
40487,5000,BFLOAT4_B,L1_INTERLEAVED,DRAM_INTERLEAVED
62651,8000,BFLOAT4_B,L1_INTERLEAVED,DRAM_INTERLEAVED
62487,8000,BFLOAT4_B,L1_INTERLEAVED,DRAM_INTERLEAVED
62252,8000,BFLOAT4_B,L1_INTERLEAVED,DRAM_INTERLEAVED
62240,8000,BFLOAT4_B,L1_INTERLEAVED,DRAM_INTERLEAVED
61722,8000,BFLOAT4_B,L1_INTERLEAVED,DRAM_INTERLEAVED
61608,8000,BFLOAT4_B,L1_INTERLEAVED,DRAM_INTERLEAVED
62207,8000,BFLOAT4_B,L1_INTERLEAVED,DRAM_INTERLEAVED
62197,8000,BFLOAT4_B,L1_INTERLEAVED,DRAM_INTERLEAVED
62042,8000,BFLOAT4_B,L1_INTERLEAVED,DRAM_INTERLEAVED
62874,8000,BFLOAT4_B,L1_INTERLEAVED,DRAM_INTERLEAVED
79403,10000,BFLOAT4_B,L1_INTERLEAVED,DRAM_INTERLEAVED
79868,10000,BFLOAT4_B,L1_INTERLEAVED,DRAM_INTERLEAVED
79119,10000,BFLOAT4_B,L1_INTERLEAVED,DRAM_INTERLEAVED
78774,10000,BFLOAT4_B,L1_INTERLEAVED,DRAM_INTERLEAVED
79070,10000,BFLOAT4_B,L1_INTERLEAVED,DRAM_INTERLEAVED
79113,10000,BFLOAT4_B,L1_INTERLEAVED,DRAM_INTERLEAVED
79475,10000,BFLOAT4_B,L1_INTERLEAVED,DRAM_INTERLEAVED
79742,10000,BFLOAT4_B,L1_INTERLEAVED,DRAM_INTERLEAVED
79049,10000,BFLOAT4_B,L1_INTERLEAVED,DRAM_INTERLEAVED
79778,10000,BFLOAT4_B,L1_INTERLEAVED,DRAM_INTERLEAVED
98324,12500,BFLOAT4_B,L1_INTERLEAVED,DRAM_INTERLEAVED
96361,12500,BFLOAT4_B,L1_INTERLEAVED,DRAM_INTERLEAVED
96418,12500,BFLOAT4_B,L1_INTERLEAVED,DRAM_INTERLEAVED
97517,12500,BFLOAT4_B,L1_INTERLEAVED,DRAM_INTERLEAVED
96600,12500,BFLOAT4_B,L1_INTERLEAVED,DRAM_INTERLEAVED
97298,12500,BFLOAT4_B,L1_INTERLEAVED,DRAM_INTERLEAVED
96363,12500,BFLOAT4_B,L1_INTERLEAVED,DRAM_INTERLEAVED
95737,12500,BFLOAT4_B,L1_INTERLEAVED,DRAM_INTERLEAVED
96801,12500,BFLOAT4_B,L1_INTERLEAVED,DRAM_INTERLEAVED
97612,12500,BFLOAT4_B,L1_INTERLEAVED,DRAM_INTERLEAVED
2367,1,BFLOAT4_B,DRAM_INTERLEAVED,DRAM_INTERLEAVED
2308,1,BFLOAT4_B,DRAM_INTERLEAVED,DRAM_INTERLEAVED
2318,1,BFLOAT4_B,DRAM_INTERLEAVED,DRAM_INTERLEAVED
2336,1,BFLOAT4_B,DRAM_INTERLEAVED,DRAM_INTERLEAVED
2320,1,BFLOAT4_B,DRAM_INTERLEAVED,DRAM_INTERLEAVED
2327,1,BFLOAT4_B,DRAM_INTERLEAVED,DRAM_INTERLEAVED
2309,1,BFLOAT4_B,DRAM_INTERLEAVED,DRAM_INTERLEAVED
2324,1,BFLOAT4_B,DRAM_INTERLEAVED,DRAM_INTERLEAVED
2318,1,BFLOAT4_B,DRAM_INTERLEAVED,DRAM_INTERLEAVED
2294,1,BFLOAT4_B,DRAM_INTERLEAVED,DRAM_INTERLEAVED
2507,10,BFLOAT4_B,DRAM_INTERLEAVED,DRAM_INTERLEAVED
2571,10,BFLOAT4_B,DRAM_INTERLEAVED,DRAM_INTERLEAVED
2447,10,BFLOAT4_B,DRAM_INTERLEAVED,DRAM_INTERLEAVED
2440,10,BFLOAT4_B,DRAM_INTERLEAVED,DRAM_INTERLEAVED
2500,10,BFLOAT4_B,DRAM_INTERLEAVED,DRAM_INTERLEAVED
2427,10,BFLOAT4_B,DRAM_INTERLEAVED,DRAM_INTERLEAVED
2497,10,BFLOAT4_B,DRAM_INTERLEAVED,DRAM_INTERLEAVED
2575,10,BFLOAT4_B,DRAM_INTERLEAVED,DRAM_INTERLEAVED
2493,10,BFLOAT4_B,DRAM_INTERLEAVED,DRAM_INTERLEAVED
2547,10,BFLOAT4_B,DRAM_INTERLEAVED,DRAM_INTERLEAVED
3268,100,BFLOAT4_B,DRAM_INTERLEAVED,DRAM_INTERLEAVED
3187,100,BFLOAT4_B,DRAM_INTERLEAVED,DRAM_INTERLEAVED
3221,100,BFLOAT4_B,DRAM_INTERLEAVED,DRAM_INTERLEAVED
3195,100,BFLOAT4_B,DRAM_INTERLEAVED,DRAM_INTERLEAVED
3288,100,BFLOAT4_B,DRAM_INTERLEAVED,DRAM_INTERLEAVED
3161,100,BFLOAT4_B,DRAM_INTERLEAVED,DRAM_INTERLEAVED
3214,100,BFLOAT4_B,DRAM_INTERLEAVED,DRAM_INTERLEAVED
3261,100,BFLOAT4_B,DRAM_INTERLEAVED,DRAM_INTERLEAVED
3224,100,BFLOAT4_B,DRAM_INTERLEAVED,DRAM_INTERLEAVED
3222,100,BFLOAT4_B,DRAM_INTERLEAVED,DRAM_INTERLEAVED
10861,1000,BFLOAT4_B,DRAM_INTERLEAVED,DRAM_INTERLEAVED
11114,1000,BFLOAT4_B,DRAM_INTERLEAVED,DRAM_INTERLEAVED
10959,1000,BFLOAT4_B,DRAM_INTERLEAVED,DRAM_INTERLEAVED
10943,1000,BFLOAT4_B,DRAM_INTERLEAVED,DRAM_INTERLEAVED
11144,1000,BFLOAT4_B,DRAM_INTERLEAVED,DRAM_INTERLEAVED
11052,1000,BFLOAT4_B,DRAM_INTERLEAVED,DRAM_INTERLEAVED
11188,1000,BFLOAT4_B,DRAM_INTERLEAVED,DRAM_INTERLEAVED
10933,1000,BFLOAT4_B,DRAM_INTERLEAVED,DRAM_INTERLEAVED
10864,1000,BFLOAT4_B,DRAM_INTERLEAVED,DRAM_INTERLEAVED
10893,1000,BFLOAT4_B,DRAM_INTERLEAVED,DRAM_INTERLEAVED
18111,2000,BFLOAT4_B,DRAM_INTERLEAVED,DRAM_INTERLEAVED
19267,2000,BFLOAT4_B,DRAM_INTERLEAVED,DRAM_INTERLEAVED
18829,2000,BFLOAT4_B,DRAM_INTERLEAVED,DRAM_INTERLEAVED
18678,2000,BFLOAT4_B,DRAM_INTERLEAVED,DRAM_INTERLEAVED
18883,2000,BFLOAT4_B,DRAM_INTERLEAVED,DRAM_INTERLEAVED
18308,2000,BFLOAT4_B,DRAM_INTERLEAVED,DRAM_INTERLEAVED
18640,2000,BFLOAT4_B,DRAM_INTERLEAVED,DRAM_INTERLEAVED
19438,2000,BFLOAT4_B,DRAM_INTERLEAVED,DRAM_INTERLEAVED
18751,2000,BFLOAT4_B,DRAM_INTERLEAVED,DRAM_INTERLEAVED
18956,2000,BFLOAT4_B,DRAM_INTERLEAVED,DRAM_INTERLEAVED
43638,5000,BFLOAT4_B,DRAM_INTERLEAVED,DRAM_INTERLEAVED
43622,5000,BFLOAT4_B,DRAM_INTERLEAVED,DRAM_INTERLEAVED
43265,5000,BFLOAT4_B,DRAM_INTERLEAVED,DRAM_INTERLEAVED
43447,5000,BFLOAT4_B,DRAM_INTERLEAVED,DRAM_INTERLEAVED
43517,5000,BFLOAT4_B,DRAM_INTERLEAVED,DRAM_INTERLEAVED
43130,5000,BFLOAT4_B,DRAM_INTERLEAVED,DRAM_INTERLEAVED
43319,5000,BFLOAT4_B,DRAM_INTERLEAVED,DRAM_INTERLEAVED
43542,5000,BFLOAT4_B,DRAM_INTERLEAVED,DRAM_INTERLEAVED
43024,5000,BFLOAT4_B,DRAM_INTERLEAVED,DRAM_INTERLEAVED
42601,5000,BFLOAT4_B,DRAM_INTERLEAVED,DRAM_INTERLEAVED
66614,8000,BFLOAT4_B,DRAM_INTERLEAVED,DRAM_INTERLEAVED
66777,8000,BFLOAT4_B,DRAM_INTERLEAVED,DRAM_INTERLEAVED
67065,8000,BFLOAT4_B,DRAM_INTERLEAVED,DRAM_INTERLEAVED
67184,8000,BFLOAT4_B,DRAM_INTERLEAVED,DRAM_INTERLEAVED
67315,8000,BFLOAT4_B,DRAM_INTERLEAVED,DRAM_INTERLEAVED
66112,8000,BFLOAT4_B,DRAM_INTERLEAVED,DRAM_INTERLEAVED
66018,8000,BFLOAT4_B,DRAM_INTERLEAVED,DRAM_INTERLEAVED
66756,8000,BFLOAT4_B,DRAM_INTERLEAVED,DRAM_INTERLEAVED
66196,8000,BFLOAT4_B,DRAM_INTERLEAVED,DRAM_INTERLEAVED
66387,8000,BFLOAT4_B,DRAM_INTERLEAVED,DRAM_INTERLEAVED
86414,10000,BFLOAT4_B,DRAM_INTERLEAVED,DRAM_INTERLEAVED
85942,10000,BFLOAT4_B,DRAM_INTERLEAVED,DRAM_INTERLEAVED
86060,10000,BFLOAT4_B,DRAM_INTERLEAVED,DRAM_INTERLEAVED
86233,10000,BFLOAT4_B,DRAM_INTERLEAVED,DRAM_INTERLEAVED
86169,10000,BFLOAT4_B,DRAM_INTERLEAVED,DRAM_INTERLEAVED
85346,10000,BFLOAT4_B,DRAM_INTERLEAVED,DRAM_INTERLEAVED
86191,10000,BFLOAT4_B,DRAM_INTERLEAVED,DRAM_INTERLEAVED
85694,10000,BFLOAT4_B,DRAM_INTERLEAVED,DRAM_INTERLEAVED
86784,10000,BFLOAT4_B,DRAM_INTERLEAVED,DRAM_INTERLEAVED
86511,10000,BFLOAT4_B,DRAM_INTERLEAVED,DRAM_INTERLEAVED
104697,12500,BFLOAT4_B,DRAM_INTERLEAVED,DRAM_INTERLEAVED
103957,12500,BFLOAT4_B,DRAM_INTERLEAVED,DRAM_INTERLEAVED
104993,12500,BFLOAT4_B,DRAM_INTERLEAVED,DRAM_INTERLEAVED
103624,12500,BFLOAT4_B,DRAM_INTERLEAVED,DRAM_INTERLEAVED
104795,12500,BFLOAT4_B,DRAM_INTERLEAVED,DRAM_INTERLEAVED
104262,12500,BFLOAT4_B,DRAM_INTERLEAVED,DRAM_INTERLEAVED
105561,12500,BFLOAT4_B,DRAM_INTERLEAVED,DRAM_INTERLEAVED
103843,12500,BFLOAT4_B,DRAM_INTERLEAVED,DRAM_INTERLEAVED
105222,12500,BFLOAT4_B,DRAM_INTERLEAVED,DRAM_INTERLEAVED
105369,12500,BFLOAT4_B,DRAM_INTERLEAVED,DRAM_INTERLEAVED
2161,1,BFLOAT8_B,L1_INTERLEAVED,L1_INTERLEAVED
2128,1,BFLOAT8_B,L1_INTERLEAVED,L1_INTERLEAVED
2137,1,BFLOAT8_B,L1_INTERLEAVED,L1_INTERLEAVED
2119,1,BFLOAT8_B,L1_INTERLEAVED,L1_INTERLEAVED
2126,1,BFLOAT8_B,L1_INTERLEAVED,L1_INTERLEAVED
2125,1,BFLOAT8_B,L1_INTERLEAVED,L1_INTERLEAVED
2124,1,BFLOAT8_B,L1_INTERLEAVED,L1_INTERLEAVED
2121,1,BFLOAT8_B,L1_INTERLEAVED,L1_INTERLEAVED
2127,1,BFLOAT8_B,L1_INTERLEAVED,L1_INTERLEAVED
2110,1,BFLOAT8_B,L1_INTERLEAVED,L1_INTERLEAVED
2310,10,BFLOAT8_B,L1_INTERLEAVED,L1_INTERLEAVED
2294,10,BFLOAT8_B,L1_INTERLEAVED,L1_INTERLEAVED
2287,10,BFLOAT8_B,L1_INTERLEAVED,L1_INTERLEAVED
2288,10,BFLOAT8_B,L1_INTERLEAVED,L1_INTERLEAVED
2288,10,BFLOAT8_B,L1_INTERLEAVED,L1_INTERLEAVED
2283,10,BFLOAT8_B,L1_INTERLEAVED,L1_INTERLEAVED
2281,10,BFLOAT8_B,L1_INTERLEAVED,L1_INTERLEAVED
2267,10,BFLOAT8_B,L1_INTERLEAVED,L1_INTERLEAVED
2288,10,BFLOAT8_B,L1_INTERLEAVED,L1_INTERLEAVED
2312,10,BFLOAT8_B,L1_INTERLEAVED,L1_INTERLEAVED
2986,100,BFLOAT8_B,L1_INTERLEAVED,L1_INTERLEAVED
2840,100,BFLOAT8_B,L1_INTERLEAVED,L1_INTERLEAVED
2841,100,BFLOAT8_B,L1_INTERLEAVED,L1_INTERLEAVED
2870,100,BFLOAT8_B,L1_INTERLEAVED,L1_INTERLEAVED
2883,100,BFLOAT8_B,L1_INTERLEAVED,L1_INTERLEAVED
2878,100,BFLOAT8_B,L1_INTERLEAVED,L1_INTERLEAVED
2905,100,BFLOAT8_B,L1_INTERLEAVED,L1_INTERLEAVED
2917,100,BFLOAT8_B,L1_INTERLEAVED,L1_INTERLEAVED
2918,100,BFLOAT8_B,L1_INTERLEAVED,L1_INTERLEAVED
2900,100,BFLOAT8_B,L1_INTERLEAVED,L1_INTERLEAVED
9367,1000,BFLOAT8_B,L1_INTERLEAVED,L1_INTERLEAVED
10152,1000,BFLOAT8_B,L1_INTERLEAVED,L1_INTERLEAVED
10025,1000,BFLOAT8_B,L1_INTERLEAVED,L1_INTERLEAVED
9510,1000,BFLOAT8_B,L1_INTERLEAVED,L1_INTERLEAVED
9572,1000,BFLOAT8_B,L1_INTERLEAVED,L1_INTERLEAVED
9900,1000,BFLOAT8_B,L1_INTERLEAVED,L1_INTERLEAVED
9722,1000,BFLOAT8_B,L1_INTERLEAVED,L1_INTERLEAVED
9454,1000,BFLOAT8_B,L1_INTERLEAVED,L1_INTERLEAVED
9910,1000,BFLOAT8_B,L1_INTERLEAVED,L1_INTERLEAVED
9517,1000,BFLOAT8_B,L1_INTERLEAVED,L1_INTERLEAVED
15206,2000,BFLOAT8_B,L1_INTERLEAVED,L1_INTERLEAVED
15355,2000,BFLOAT8_B,L1_INTERLEAVED,L1_INTERLEAVED
15478,2000,BFLOAT8_B,L1_INTERLEAVED,L1_INTERLEAVED
15454,2000,BFLOAT8_B,L1_INTERLEAVED,L1_INTERLEAVED
15161,2000,BFLOAT8_B,L1_INTERLEAVED,L1_INTERLEAVED
15285,2000,BFLOAT8_B,L1_INTERLEAVED,L1_INTERLEAVED
15294,2000,BFLOAT8_B,L1_INTERLEAVED,L1_INTERLEAVED
15329,2000,BFLOAT8_B,L1_INTERLEAVED,L1_INTERLEAVED
15450,2000,BFLOAT8_B,L1_INTERLEAVED,L1_INTERLEAVED
15107,2000,BFLOAT8_B,L1_INTERLEAVED,L1_INTERLEAVED
32646,5000,BFLOAT8_B,L1_INTERLEAVED,L1_INTERLEAVED
32900,5000,BFLOAT8_B,L1_INTERLEAVED,L1_INTERLEAVED
33114,5000,BFLOAT8_B,L1_INTERLEAVED,L1_INTERLEAVED
32767,5000,BFLOAT8_B,L1_INTERLEAVED,L1_INTERLEAVED
32252,5000,BFLOAT8_B,L1_INTERLEAVED,L1_INTERLEAVED
32749,5000,BFLOAT8_B,L1_INTERLEAVED,L1_INTERLEAVED
32994,5000,BFLOAT8_B,L1_INTERLEAVED,L1_INTERLEAVED
32446,5000,BFLOAT8_B,L1_INTERLEAVED,L1_INTERLEAVED
32299,5000,BFLOAT8_B,L1_INTERLEAVED,L1_INTERLEAVED
32672,5000,BFLOAT8_B,L1_INTERLEAVED,L1_INTERLEAVED
50567,8000,BFLOAT8_B,L1_INTERLEAVED,L1_INTERLEAVED
50129,8000,BFLOAT8_B,L1_INTERLEAVED,L1_INTERLEAVED
50211,8000,BFLOAT8_B,L1_INTERLEAVED,L1_INTERLEAVED
50421,8000,BFLOAT8_B,L1_INTERLEAVED,L1_INTERLEAVED
51120,8000,BFLOAT8_B,L1_INTERLEAVED,L1_INTERLEAVED
50701,8000,BFLOAT8_B,L1_INTERLEAVED,L1_INTERLEAVED
50652,8000,BFLOAT8_B,L1_INTERLEAVED,L1_INTERLEAVED
49901,8000,BFLOAT8_B,L1_INTERLEAVED,L1_INTERLEAVED
50104,8000,BFLOAT8_B,L1_INTERLEAVED,L1_INTERLEAVED
49903,8000,BFLOAT8_B,L1_INTERLEAVED,L1_INTERLEAVED
63228,10000,BFLOAT8_B,L1_INTERLEAVED,L1_INTERLEAVED
63202,10000,BFLOAT8_B,L1_INTERLEAVED,L1_INTERLEAVED
62721,10000,BFLOAT8_B,L1_INTERLEAVED,L1_INTERLEAVED
63453,10000,BFLOAT8_B,L1_INTERLEAVED,L1_INTERLEAVED
63230,10000,BFLOAT8_B,L1_INTERLEAVED,L1_INTERLEAVED
64406,10000,BFLOAT8_B,L1_INTERLEAVED,L1_INTERLEAVED
61592,10000,BFLOAT8_B,L1_INTERLEAVED,L1_INTERLEAVED
62881,10000,BFLOAT8_B,L1_INTERLEAVED,L1_INTERLEAVED
62940,10000,BFLOAT8_B,L1_INTERLEAVED,L1_INTERLEAVED
62166,10000,BFLOAT8_B,L1_INTERLEAVED,L1_INTERLEAVED
77574,12500,BFLOAT8_B,L1_INTERLEAVED,L1_INTERLEAVED
77176,12500,BFLOAT8_B,L1_INTERLEAVED,L1_INTERLEAVED
78006,12500,BFLOAT8_B,L1_INTERLEAVED,L1_INTERLEAVED
77376,12500,BFLOAT8_B,L1_INTERLEAVED,L1_INTERLEAVED
77608,12500,BFLOAT8_B,L1_INTERLEAVED,L1_INTERLEAVED
77545,12500,BFLOAT8_B,L1_INTERLEAVED,L1_INTERLEAVED
78297,12500,BFLOAT8_B,L1_INTERLEAVED,L1_INTERLEAVED
77622,12500,BFLOAT8_B,L1_INTERLEAVED,L1_INTERLEAVED
77836,12500,BFLOAT8_B,L1_INTERLEAVED,L1_INTERLEAVED
77111,12500,BFLOAT8_B,L1_INTERLEAVED,L1_INTERLEAVED
2433,1,BFLOAT8_B,DRAM_INTERLEAVED,L1_INTERLEAVED
2210,1,BFLOAT8_B,DRAM_INTERLEAVED,L1_INTERLEAVED
2252,1,BFLOAT8_B,DRAM_INTERLEAVED,L1_INTERLEAVED
2247,1,BFLOAT8_B,DRAM_INTERLEAVED,L1_INTERLEAVED
2331,1,BFLOAT8_B,DRAM_INTERLEAVED,L1_INTERLEAVED
2225,1,BFLOAT8_B,DRAM_INTERLEAVED,L1_INTERLEAVED
2239,1,BFLOAT8_B,DRAM_INTERLEAVED,L1_INTERLEAVED
2224,1,BFLOAT8_B,DRAM_INTERLEAVED,L1_INTERLEAVED
2227,1,BFLOAT8_B,DRAM_INTERLEAVED,L1_INTERLEAVED
2225,1,BFLOAT8_B,DRAM_INTERLEAVED,L1_INTERLEAVED
2490,10,BFLOAT8_B,DRAM_INTERLEAVED,L1_INTERLEAVED
2466,10,BFLOAT8_B,DRAM_INTERLEAVED,L1_INTERLEAVED
2457,10,BFLOAT8_B,DRAM_INTERLEAVED,L1_INTERLEAVED
2439,10,BFLOAT8_B,DRAM_INTERLEAVED,L1_INTERLEAVED
2474,10,BFLOAT8_B,DRAM_INTERLEAVED,L1_INTERLEAVED
2461,10,BFLOAT8_B,DRAM_INTERLEAVED,L1_INTERLEAVED
2445,10,BFLOAT8_B,DRAM_INTERLEAVED,L1_INTERLEAVED
2458,10,BFLOAT8_B,DRAM_INTERLEAVED,L1_INTERLEAVED
2466,10,BFLOAT8_B,DRAM_INTERLEAVED,L1_INTERLEAVED
2427,10,BFLOAT8_B,DRAM_INTERLEAVED,L1_INTERLEAVED
3272,100,BFLOAT8_B,DRAM_INTERLEAVED,L1_INTERLEAVED
3166,100,BFLOAT8_B,DRAM_INTERLEAVED,L1_INTERLEAVED
3301,100,BFLOAT8_B,DRAM_INTERLEAVED,L1_INTERLEAVED
3179,100,BFLOAT8_B,DRAM_INTERLEAVED,L1_INTERLEAVED
3231,100,BFLOAT8_B,DRAM_INTERLEAVED,L1_INTERLEAVED
3268,100,BFLOAT8_B,DRAM_INTERLEAVED,L1_INTERLEAVED
3169,100,BFLOAT8_B,DRAM_INTERLEAVED,L1_INTERLEAVED
3292,100,BFLOAT8_B,DRAM_INTERLEAVED,L1_INTERLEAVED
3153,100,BFLOAT8_B,DRAM_INTERLEAVED,L1_INTERLEAVED
3183,100,BFLOAT8_B,DRAM_INTERLEAVED,L1_INTERLEAVED
11174,1000,BFLOAT8_B,DRAM_INTERLEAVED,L1_INTERLEAVED
10828,1000,BFLOAT8_B,DRAM_INTERLEAVED,L1_INTERLEAVED
11153,1000,BFLOAT8_B,DRAM_INTERLEAVED,L1_INTERLEAVED
10905,1000,BFLOAT8_B,DRAM_INTERLEAVED,L1_INTERLEAVED
11026,1000,BFLOAT8_B,DRAM_INTERLEAVED,L1_INTERLEAVED
11193,1000,BFLOAT8_B,DRAM_INTERLEAVED,L1_INTERLEAVED
10822,1000,BFLOAT8_B,DRAM_INTERLEAVED,L1_INTERLEAVED
10949,1000,BFLOAT8_B,DRAM_INTERLEAVED,L1_INTERLEAVED
11029,1000,BFLOAT8_B,DRAM_INTERLEAVED,L1_INTERLEAVED
11112,1000,BFLOAT8_B,DRAM_INTERLEAVED,L1_INTERLEAVED
18300,2000,BFLOAT8_B,DRAM_INTERLEAVED,L1_INTERLEAVED
18245,2000,BFLOAT8_B,DRAM_INTERLEAVED,L1_INTERLEAVED
18651,2000,BFLOAT8_B,DRAM_INTERLEAVED,L1_INTERLEAVED
18423,2000,BFLOAT8_B,DRAM_INTERLEAVED,L1_INTERLEAVED
18317,2000,BFLOAT8_B,DRAM_INTERLEAVED,L1_INTERLEAVED
18407,2000,BFLOAT8_B,DRAM_INTERLEAVED,L1_INTERLEAVED
18694,2000,BFLOAT8_B,DRAM_INTERLEAVED,L1_INTERLEAVED
18492,2000,BFLOAT8_B,DRAM_INTERLEAVED,L1_INTERLEAVED
18441,2000,BFLOAT8_B,DRAM_INTERLEAVED,L1_INTERLEAVED
18328,2000,BFLOAT8_B,DRAM_INTERLEAVED,L1_INTERLEAVED
44323,5000,BFLOAT8_B,DRAM_INTERLEAVED,L1_INTERLEAVED
43524,5000,BFLOAT8_B,DRAM_INTERLEAVED,L1_INTERLEAVED
44101,5000,BFLOAT8_B,DRAM_INTERLEAVED,L1_INTERLEAVED
43878,5000,BFLOAT8_B,DRAM_INTERLEAVED,L1_INTERLEAVED
44042,5000,BFLOAT8_B,DRAM_INTERLEAVED,L1_INTERLEAVED
43840,5000,BFLOAT8_B,DRAM_INTERLEAVED,L1_INTERLEAVED
43618,5000,BFLOAT8_B,DRAM_INTERLEAVED,L1_INTERLEAVED
43708,5000,BFLOAT8_B,DRAM_INTERLEAVED,L1_INTERLEAVED
43587,5000,BFLOAT8_B,DRAM_INTERLEAVED,L1_INTERLEAVED
43768,5000,BFLOAT8_B,DRAM_INTERLEAVED,L1_INTERLEAVED
65229,8000,BFLOAT8_B,DRAM_INTERLEAVED,L1_INTERLEAVED
65038,8000,BFLOAT8_B,DRAM_INTERLEAVED,L1_INTERLEAVED
64781,8000,BFLOAT8_B,DRAM_INTERLEAVED,L1_INTERLEAVED
66240,8000,BFLOAT8_B,DRAM_INTERLEAVED,L1_INTERLEAVED
65116,8000,BFLOAT8_B,DRAM_INTERLEAVED,L1_INTERLEAVED
65432,8000,BFLOAT8_B,DRAM_INTERLEAVED,L1_INTERLEAVED
65070,8000,BFLOAT8_B,DRAM_INTERLEAVED,L1_INTERLEAVED
66028,8000,BFLOAT8_B,DRAM_INTERLEAVED,L1_INTERLEAVED
64605,8000,BFLOAT8_B,DRAM_INTERLEAVED,L1_INTERLEAVED
64894,8000,BFLOAT8_B,DRAM_INTERLEAVED,L1_INTERLEAVED
86012,10000,BFLOAT8_B,DRAM_INTERLEAVED,L1_INTERLEAVED
86691,10000,BFLOAT8_B,DRAM_INTERLEAVED,L1_INTERLEAVED
86231,10000,BFLOAT8_B,DRAM_INTERLEAVED,L1_INTERLEAVED
86428,10000,BFLOAT8_B,DRAM_INTERLEAVED,L1_INTERLEAVED
85910,10000,BFLOAT8_B,DRAM_INTERLEAVED,L1_INTERLEAVED
86508,10000,BFLOAT8_B,DRAM_INTERLEAVED,L1_INTERLEAVED
87476,10000,BFLOAT8_B,DRAM_INTERLEAVED,L1_INTERLEAVED
86868,10000,BFLOAT8_B,DRAM_INTERLEAVED,L1_INTERLEAVED
85878,10000,BFLOAT8_B,DRAM_INTERLEAVED,L1_INTERLEAVED
86472,10000,BFLOAT8_B,DRAM_INTERLEAVED,L1_INTERLEAVED
101776,12500,BFLOAT8_B,DRAM_INTERLEAVED,L1_INTERLEAVED
101383,12500,BFLOAT8_B,DRAM_INTERLEAVED,L1_INTERLEAVED
101121,12500,BFLOAT8_B,DRAM_INTERLEAVED,L1_INTERLEAVED
100419,12500,BFLOAT8_B,DRAM_INTERLEAVED,L1_INTERLEAVED
100687,12500,BFLOAT8_B,DRAM_INTERLEAVED,L1_INTERLEAVED
101075,12500,BFLOAT8_B,DRAM_INTERLEAVED,L1_INTERLEAVED
101257,12500,BFLOAT8_B,DRAM_INTERLEAVED,L1_INTERLEAVED
101023,12500,BFLOAT8_B,DRAM_INTERLEAVED,L1_INTERLEAVED
100988,12500,BFLOAT8_B,DRAM_INTERLEAVED,L1_INTERLEAVED
101189,12500,BFLOAT8_B,DRAM_INTERLEAVED,L1_INTERLEAVED
2307,1,BFLOAT8_B,L1_INTERLEAVED,DRAM_INTERLEAVED
2250,1,BFLOAT8_B,L1_INTERLEAVED,DRAM_INTERLEAVED
2263,1,BFLOAT8_B,L1_INTERLEAVED,DRAM_INTERLEAVED
2247,1,BFLOAT8_B,L1_INTERLEAVED,DRAM_INTERLEAVED
2243,1,BFLOAT8_B,L1_INTERLEAVED,DRAM_INTERLEAVED
2290,1,BFLOAT8_B,L1_INTERLEAVED,DRAM_INTERLEAVED
2242,1,BFLOAT8_B,L1_INTERLEAVED,DRAM_INTERLEAVED
2247,1,BFLOAT8_B,L1_INTERLEAVED,DRAM_INTERLEAVED
2247,1,BFLOAT8_B,L1_INTERLEAVED,DRAM_INTERLEAVED
2272,1,BFLOAT8_B,L1_INTERLEAVED,DRAM_INTERLEAVED
2419,10,BFLOAT8_B,L1_INTERLEAVED,DRAM_INTERLEAVED
2424,10,BFLOAT8_B,L1_INTERLEAVED,DRAM_INTERLEAVED
2486,10,BFLOAT8_B,L1_INTERLEAVED,DRAM_INTERLEAVED
2539,10,BFLOAT8_B,L1_INTERLEAVED,DRAM_INTERLEAVED
2396,10,BFLOAT8_B,L1_INTERLEAVED,DRAM_INTERLEAVED
2373,10,BFLOAT8_B,L1_INTERLEAVED,DRAM_INTERLEAVED
2426,10,BFLOAT8_B,L1_INTERLEAVED,DRAM_INTERLEAVED
2533,10,BFLOAT8_B,L1_INTERLEAVED,DRAM_INTERLEAVED
2447,10,BFLOAT8_B,L1_INTERLEAVED,DRAM_INTERLEAVED
2379,10,BFLOAT8_B,L1_INTERLEAVED,DRAM_INTERLEAVED
3474,100,BFLOAT8_B,L1_INTERLEAVED,DRAM_INTERLEAVED
3333,100,BFLOAT8_B,L1_INTERLEAVED,DRAM_INTERLEAVED
3294,100,BFLOAT8_B,L1_INTERLEAVED,DRAM_INTERLEAVED
3237,100,BFLOAT8_B,L1_INTERLEAVED,DRAM_INTERLEAVED
3381,100,BFLOAT8_B,L1_INTERLEAVED,DRAM_INTERLEAVED
3318,100,BFLOAT8_B,L1_INTERLEAVED,DRAM_INTERLEAVED
3236,100,BFLOAT8_B,L1_INTERLEAVED,DRAM_INTERLEAVED
3422,100,BFLOAT8_B,L1_INTERLEAVED,DRAM_INTERLEAVED
3284,100,BFLOAT8_B,L1_INTERLEAVED,DRAM_INTERLEAVED
3339,100,BFLOAT8_B,L1_INTERLEAVED,DRAM_INTERLEAVED
11960,1000,BFLOAT8_B,L1_INTERLEAVED,DRAM_INTERLEAVED
11322,1000,BFLOAT8_B,L1_INTERLEAVED,DRAM_INTERLEAVED
11743,1000,BFLOAT8_B,L1_INTERLEAVED,DRAM_INTERLEAVED
12074,1000,BFLOAT8_B,L1_INTERLEAVED,DRAM_INTERLEAVED
12255,1000,BFLOAT8_B,L1_INTERLEAVED,DRAM_INTERLEAVED
11727,1000,BFLOAT8_B,L1_INTERLEAVED,DRAM_INTERLEAVED
12246,1000,BFLOAT8_B,L1_INTERLEAVED,DRAM_INTERLEAVED
11833,1000,BFLOAT8_B,L1_INTERLEAVED,DRAM_INTERLEAVED
11818,1000,BFLOAT8_B,L1_INTERLEAVED,DRAM_INTERLEAVED
11683,1000,BFLOAT8_B,L1_INTERLEAVED,DRAM_INTERLEAVED
19878,2000,BFLOAT8_B,L1_INTERLEAVED,DRAM_INTERLEAVED
19790,2000,BFLOAT8_B,L1_INTERLEAVED,DRAM_INTERLEAVED
20044,2000,BFLOAT8_B,L1_INTERLEAVED,DRAM_INTERLEAVED
19351,2000,BFLOAT8_B,L1_INTERLEAVED,DRAM_INTERLEAVED
19810,2000,BFLOAT8_B,L1_INTERLEAVED,DRAM_INTERLEAVED
19452,2000,BFLOAT8_B,L1_INTERLEAVED,DRAM_INTERLEAVED
19737,2000,BFLOAT8_B,L1_INTERLEAVED,DRAM_INTERLEAVED
19948,2000,BFLOAT8_B,L1_INTERLEAVED,DRAM_INTERLEAVED
19569,2000,BFLOAT8_B,L1_INTERLEAVED,DRAM_INTERLEAVED
19703,2000,BFLOAT8_B,L1_INTERLEAVED,DRAM_INTERLEAVED
46946,5000,BFLOAT8_B,L1_INTERLEAVED,DRAM_INTERLEAVED
46957,5000,BFLOAT8_B,L1_INTERLEAVED,DRAM_INTERLEAVED
46866,5000,BFLOAT8_B,L1_INTERLEAVED,DRAM_INTERLEAVED
47256,5000,BFLOAT8_B,L1_INTERLEAVED,DRAM_INTERLEAVED
48457,5000,BFLOAT8_B,L1_INTERLEAVED,DRAM_INTERLEAVED
47831,5000,BFLOAT8_B,L1_INTERLEAVED,DRAM_INTERLEAVED
46890,5000,BFLOAT8_B,L1_INTERLEAVED,DRAM_INTERLEAVED
46904,5000,BFLOAT8_B,L1_INTERLEAVED,DRAM_INTERLEAVED
46764,5000,BFLOAT8_B,L1_INTERLEAVED,DRAM_INTERLEAVED
46982,5000,BFLOAT8_B,L1_INTERLEAVED,DRAM_INTERLEAVED
70253,8000,BFLOAT8_B,L1_INTERLEAVED,DRAM_INTERLEAVED
70437,8000,BFLOAT8_B,L1_INTERLEAVED,DRAM_INTERLEAVED
69973,8000,BFLOAT8_B,L1_INTERLEAVED,DRAM_INTERLEAVED
70491,8000,BFLOAT8_B,L1_INTERLEAVED,DRAM_INTERLEAVED
70792,8000,BFLOAT8_B,L1_INTERLEAVED,DRAM_INTERLEAVED
71764,8000,BFLOAT8_B,L1_INTERLEAVED,DRAM_INTERLEAVED
71620,8000,BFLOAT8_B,L1_INTERLEAVED,DRAM_INTERLEAVED
70943,8000,BFLOAT8_B,L1_INTERLEAVED,DRAM_INTERLEAVED
71555,8000,BFLOAT8_B,L1_INTERLEAVED,DRAM_INTERLEAVED
70299,8000,BFLOAT8_B,L1_INTERLEAVED,DRAM_INTERLEAVED
95327,10000,BFLOAT8_B,L1_INTERLEAVED,DRAM_INTERLEAVED
93393,10000,BFLOAT8_B,L1_INTERLEAVED,DRAM_INTERLEAVED
93117,10000,BFLOAT8_B,L1_INTERLEAVED,DRAM_INTERLEAVED
93495,10000,BFLOAT8_B,L1_INTERLEAVED,DRAM_INTERLEAVED
93835,10000,BFLOAT8_B,L1_INTERLEAVED,DRAM_INTERLEAVED
92960,10000,BFLOAT8_B,L1_INTERLEAVED,DRAM_INTERLEAVED
92646,10000,BFLOAT8_B,L1_INTERLEAVED,DRAM_INTERLEAVED
93774,10000,BFLOAT8_B,L1_INTERLEAVED,DRAM_INTERLEAVED
92635,10000,BFLOAT8_B,L1_INTERLEAVED,DRAM_INTERLEAVED
94781,10000,BFLOAT8_B,L1_INTERLEAVED,DRAM_INTERLEAVED
110411,12500,BFLOAT8_B,L1_INTERLEAVED,DRAM_INTERLEAVED
108623,12500,BFLOAT8_B,L1_INTERLEAVED,DRAM_INTERLEAVED
108598,12500,BFLOAT8_B,L1_INTERLEAVED,DRAM_INTERLEAVED
110507,12500,BFLOAT8_B,L1_INTERLEAVED,DRAM_INTERLEAVED
108135,12500,BFLOAT8_B,L1_INTERLEAVED,DRAM_INTERLEAVED
109290,12500,BFLOAT8_B,L1_INTERLEAVED,DRAM_INTERLEAVED
109755,12500,BFLOAT8_B,L1_INTERLEAVED,DRAM_INTERLEAVED
109520,12500,BFLOAT8_B,L1_INTERLEAVED,DRAM_INTERLEAVED
108552,12500,BFLOAT8_B,L1_INTERLEAVED,DRAM_INTERLEAVED
110015,12500,BFLOAT8_B,L1_INTERLEAVED,DRAM_INTERLEAVED
2408,1,BFLOAT8_B,DRAM_INTERLEAVED,DRAM_INTERLEAVED
2364,1,BFLOAT8_B,DRAM_INTERLEAVED,DRAM_INTERLEAVED
2369,1,BFLOAT8_B,DRAM_INTERLEAVED,DRAM_INTERLEAVED
2352,1,BFLOAT8_B,DRAM_INTERLEAVED,DRAM_INTERLEAVED
2510,1,BFLOAT8_B,DRAM_INTERLEAVED,DRAM_INTERLEAVED
2362,1,BFLOAT8_B,DRAM_INTERLEAVED,DRAM_INTERLEAVED
2354,1,BFLOAT8_B,DRAM_INTERLEAVED,DRAM_INTERLEAVED
2371,1,BFLOAT8_B,DRAM_INTERLEAVED,DRAM_INTERLEAVED
2377,1,BFLOAT8_B,DRAM_INTERLEAVED,DRAM_INTERLEAVED
2378,1,BFLOAT8_B,DRAM_INTERLEAVED,DRAM_INTERLEAVED
2741,10,BFLOAT8_B,DRAM_INTERLEAVED,DRAM_INTERLEAVED
2590,10,BFLOAT8_B,DRAM_INTERLEAVED,DRAM_INTERLEAVED
2598,10,BFLOAT8_B,DRAM_INTERLEAVED,DRAM_INTERLEAVED
2619,10,BFLOAT8_B,DRAM_INTERLEAVED,DRAM_INTERLEAVED
2593,10,BFLOAT8_B,DRAM_INTERLEAVED,DRAM_INTERLEAVED
2599,10,BFLOAT8_B,DRAM_INTERLEAVED,DRAM_INTERLEAVED
2673,10,BFLOAT8_B,DRAM_INTERLEAVED,DRAM_INTERLEAVED
2600,10,BFLOAT8_B,DRAM_INTERLEAVED,DRAM_INTERLEAVED
2647,10,BFLOAT8_B,DRAM_INTERLEAVED,DRAM_INTERLEAVED
2638,10,BFLOAT8_B,DRAM_INTERLEAVED,DRAM_INTERLEAVED
3723,100,BFLOAT8_B,DRAM_INTERLEAVED,DRAM_INTERLEAVED
3608,100,BFLOAT8_B,DRAM_INTERLEAVED,DRAM_INTERLEAVED
3595,100,BFLOAT8_B,DRAM_INTERLEAVED,DRAM_INTERLEAVED
3641,100,BFLOAT8_B,DRAM_INTERLEAVED,DRAM_INTERLEAVED
3598,100,BFLOAT8_B,DRAM_INTERLEAVED,DRAM_INTERLEAVED
3490,100,BFLOAT8_B,DRAM_INTERLEAVED,DRAM_INTERLEAVED
3492,100,BFLOAT8_B,DRAM_INTERLEAVED,DRAM_INTERLEAVED
3701,100,BFLOAT8_B,DRAM_INTERLEAVED,DRAM_INTERLEAVED
3515,100,BFLOAT8_B,DRAM_INTERLEAVED,DRAM_INTERLEAVED
3495,100,BFLOAT8_B,DRAM_INTERLEAVED,DRAM_INTERLEAVED
14247,1000,BFLOAT8_B,DRAM_INTERLEAVED,DRAM_INTERLEAVED
14257,1000,BFLOAT8_B,DRAM_INTERLEAVED,DRAM_INTERLEAVED
14142,1000,BFLOAT8_B,DRAM_INTERLEAVED,DRAM_INTERLEAVED
14060,1000,BFLOAT8_B,DRAM_INTERLEAVED,DRAM_INTERLEAVED
14101,1000,BFLOAT8_B,DRAM_INTERLEAVED,DRAM_INTERLEAVED
13906,1000,BFLOAT8_B,DRAM_INTERLEAVED,DRAM_INTERLEAVED
14047,1000,BFLOAT8_B,DRAM_INTERLEAVED,DRAM_INTERLEAVED
14089,1000,BFLOAT8_B,DRAM_INTERLEAVED,DRAM_INTERLEAVED
13902,1000,BFLOAT8_B,DRAM_INTERLEAVED,DRAM_INTERLEAVED
14215,1000,BFLOAT8_B,DRAM_INTERLEAVED,DRAM_INTERLEAVED
25225,2000,BFLOAT8_B,DRAM_INTERLEAVED,DRAM_INTERLEAVED
25103,2000,BFLOAT8_B,DRAM_INTERLEAVED,DRAM_INTERLEAVED
24755,2000,BFLOAT8_B,DRAM_INTERLEAVED,DRAM_INTERLEAVED
24476,2000,BFLOAT8_B,DRAM_INTERLEAVED,DRAM_INTERLEAVED
25020,2000,BFLOAT8_B,DRAM_INTERLEAVED,DRAM_INTERLEAVED
24558,2000,BFLOAT8_B,DRAM_INTERLEAVED,DRAM_INTERLEAVED
25409,2000,BFLOAT8_B,DRAM_INTERLEAVED,DRAM_INTERLEAVED
24746,2000,BFLOAT8_B,DRAM_INTERLEAVED,DRAM_INTERLEAVED
24580,2000,BFLOAT8_B,DRAM_INTERLEAVED,DRAM_INTERLEAVED
24477,2000,BFLOAT8_B,DRAM_INTERLEAVED,DRAM_INTERLEAVED
59110,5000,BFLOAT8_B,DRAM_INTERLEAVED,DRAM_INTERLEAVED
59667,5000,BFLOAT8_B,DRAM_INTERLEAVED,DRAM_INTERLEAVED
58671,5000,BFLOAT8_B,DRAM_INTERLEAVED,DRAM_INTERLEAVED
59094,5000,BFLOAT8_B,DRAM_INTERLEAVED,DRAM_INTERLEAVED
58611,5000,BFLOAT8_B,DRAM_INTERLEAVED,DRAM_INTERLEAVED
59085,5000,BFLOAT8_B,DRAM_INTERLEAVED,DRAM_INTERLEAVED
58595,5000,BFLOAT8_B,DRAM_INTERLEAVED,DRAM_INTERLEAVED
58700,5000,BFLOAT8_B,DRAM_INTERLEAVED,DRAM_INTERLEAVED
58945,5000,BFLOAT8_B,DRAM_INTERLEAVED,DRAM_INTERLEAVED
59117,5000,BFLOAT8_B,DRAM_INTERLEAVED,DRAM_INTERLEAVED
90511,8000,BFLOAT8_B,DRAM_INTERLEAVED,DRAM_INTERLEAVED
90134,8000,BFLOAT8_B,DRAM_INTERLEAVED,DRAM_INTERLEAVED
91006,8000,BFLOAT8_B,DRAM_INTERLEAVED,DRAM_INTERLEAVED
90838,8000,BFLOAT8_B,DRAM_INTERLEAVED,DRAM_INTERLEAVED
90191,8000,BFLOAT8_B,DRAM_INTERLEAVED,DRAM_INTERLEAVED
89886,8000,BFLOAT8_B,DRAM_INTERLEAVED,DRAM_INTERLEAVED
90604,8000,BFLOAT8_B,DRAM_INTERLEAVED,DRAM_INTERLEAVED
90018,8000,BFLOAT8_B,DRAM_INTERLEAVED,DRAM_INTERLEAVED
91448,8000,BFLOAT8_B,DRAM_INTERLEAVED,DRAM_INTERLEAVED
90673,8000,BFLOAT8_B,DRAM_INTERLEAVED,DRAM_INTERLEAVED
122946,10000,BFLOAT8_B,DRAM_INTERLEAVED,DRAM_INTERLEAVED
121998,10000,BFLOAT8_B,DRAM_INTERLEAVED,DRAM_INTERLEAVED
121897,10000,BFLOAT8_B,DRAM_INTERLEAVED,DRAM_INTERLEAVED
124253,10000,BFLOAT8_B,DRAM_INTERLEAVED,DRAM_INTERLEAVED
124232,10000,BFLOAT8_B,DRAM_INTERLEAVED,DRAM_INTERLEAVED
122773,10000,BFLOAT8_B,DRAM_INTERLEAVED,DRAM_INTERLEAVED
124693,10000,BFLOAT8_B,DRAM_INTERLEAVED,DRAM_INTERLEAVED
122636,10000,BFLOAT8_B,DRAM_INTERLEAVED,DRAM_INTERLEAVED
121869,10000,BFLOAT8_B,DRAM_INTERLEAVED,DRAM_INTERLEAVED
123462,10000,BFLOAT8_B,DRAM_INTERLEAVED,DRAM_INTERLEAVED
140033,12500,BFLOAT8_B,DRAM_INTERLEAVED,DRAM_INTERLEAVED
139278,12500,BFLOAT8_B,DRAM_INTERLEAVED,DRAM_INTERLEAVED
139495,12500,BFLOAT8_B,DRAM_INTERLEAVED,DRAM_INTERLEAVED
139725,12500,BFLOAT8_B,DRAM_INTERLEAVED,DRAM_INTERLEAVED
139366,12500,BFLOAT8_B,DRAM_INTERLEAVED,DRAM_INTERLEAVED
139914,12500,BFLOAT8_B,DRAM_INTERLEAVED,DRAM_INTERLEAVED
139910,12500,BFLOAT8_B,DRAM_INTERLEAVED,DRAM_INTERLEAVED
139413,12500,BFLOAT8_B,DRAM_INTERLEAVED,DRAM_INTERLEAVED
140019,12500,BFLOAT8_B,DRAM_INTERLEAVED,DRAM_INTERLEAVED
139761,12500,BFLOAT8_B,DRAM_INTERLEAVED,DRAM_INTERLEAVED
